,region,country,product,sales_channel,order_priority,date,order_id,ship_date,quantity,price,unit_cost,total_revenue,total_cost,total_profit,customer_id,order_month,coupon_code,shipping_city,numeric_discount,days_since_purchase
0,Middle East and North Africa,Libya,Cosmetics,Offline,M,2014-10-18,686800706,2014-10-31,8446,437.2,263.33,3692591.2,2224085.18,1468506.02,2014CUST686800706,Oct,HGEAR10,Tripoli,10,4000
1,North America,Canada,Vegetables,Online,M,2011-11-07,185941302,2011-12-08,3018,154.06,90.93,464953.08,274426.74,190526.34,2011CUST185941302,Nov,OFF20,Ottawa,20,5076
2,Middle East and North Africa,Libya,Baby Food,Offline,C,2016-10-31,246222341,2016-12-09,1517,255.28,159.42,387259.76,241840.14,145419.62,2016CUST246222341,Oct,OFF10,Tripoli,10,3256
3,Asia,Japan,Cereal,Offline,C,2010-04-10,161442649,2010-05-12,3322,205.7,117.11,683335.4,389039.42,294295.98,2010CUST161442649,Apr,HOU10,Tokyo,10,5652
4,Sub-Saharan Africa,Chad,Fruits,Offline,H,2011-08-16,645713555,2011-08-31,9845,9.33,6.92,91853.85,68127.4,23726.45,2011CUST645713555,Aug,SALE20,N'Djamena,20,5159
5,Europe,Armenia,Cereal,Online,H,2014-11-24,683458888,2014-12-28,9528,205.7,117.11,1959909.6,1115824.08,844085.52,2014CUST683458888,Nov,NE20,Yerevan,20,3963
6,Sub-Saharan Africa,Eritrea,Cereal,Online,H,2015-03-04,679414975,2015-04-17,2844,205.7,117.11,585010.8,333060.84,251949.96,2015CUST679414975,Mar,HGEAR30,Asmara,30,3863
7,Europe,Montenegro,Clothes,Offline,M,2012-05-17,208630645,2012-06-28,7299,109.28,35.84,797634.72,261596.16,536038.56,2012CUST208630645,May,HOU20,Podgorica,20,4884
8,Central America and the Caribbean,Jamaica,Vegetables,Online,H,2015-01-29,266467225,2015-03-07,2428,154.06,90.93,374057.68,220778.04,153279.64,2015CUST266467225,Jan,HGEAR10,Kingston,10,3897
9,Australia and Oceania,Fiji,Vegetables,Offline,H,2013-12-24,118598544,2014-01-19,4800,154.06,90.93,739488.0,436464.0,303024.0,2013CUST118598544,Dec,EXTRA30,Suva,30,4298
10,Sub-Saharan Africa,Togo,Clothes,Online,M,2015-12-29,451010930,2016-01-19,3012,109.28,35.84,329151.36,107950.08,221201.28,2015CUST451010930,Dec,HOU30,Lome,30,3563
11,Europe,Montenegro,Snacks,Offline,M,2010-02-27,220003211,2010-03-18,2694,152.58,97.44,411050.52,262503.36,148547.16,2010CUST220003211,Feb,BT20,Podgorica,20,5694
12,Europe,Greece,Household,Online,C,2016-11-17,702186715,2016-12-22,1508,668.27,502.54,1007751.16,757830.32,249920.84,2016CUST702186715,Nov,NE20,Athens,20,3239
13,Sub-Saharan Africa,Sudan,Cosmetics,Online,C,2015-12-20,544485270,2016-01-05,4146,437.2,263.33,1812631.2,1091766.18,720865.02,2015CUST544485270,Dec,HOU30,Khartoum,30,3572
14,Asia,Maldives,Fruits,Offline,L,2011-01-08,714135205,2011-02-06,7332,9.33,6.92,68407.56,50737.44,17670.12,2011CUST714135205,Jan,ELEC10,Male,10,5379
15,Europe,Montenegro,Clothes,Offline,H,2010-06-28,448685348,2010-07-22,4820,109.28,35.84,526729.6,172748.8,353980.8,2010CUST448685348,Jun,EXTRA30,Podgorica,30,5573
16,Europe,Estonia,Office Supplies,Online,H,2016-04-25,405997025,2016-05-12,2397,651.21,524.96,1560950.37,1258329.12,302621.25,2016CUST405997025,Apr,SALE10,Tallinn,10,3445
17,North America,Greenland,Beverages,Online,M,2012-07-27,414244067,2012-08-07,2880,47.45,31.79,136656.0,91555.2,45100.8,2012CUST414244067,Jul,AND10,NONE,10,4813
18,Sub-Saharan Africa,Cape Verde,Clothes,Online,C,2014-09-08,821912801,2014-10-03,1117,109.28,35.84,122065.76,40033.28,82032.48,2014CUST821912801,Sep,WEMP30,Praia,30,4040
19,Sub-Saharan Africa,Senegal,Household,Offline,L,2012-08-27,247802054,2012-09-08,8989,668.27,502.54,6007079.03,4517332.06,1489746.97,2012CUST247802054,Aug,EXTRA20,Dakar,20,4782
20,Australia and Oceania,Federated States Of Micronesia,Snacks,Online,C,2012-09-03,531023156,2012-10-15,407,152.58,97.44,62100.06,39658.08,22441.98,2012CUST531023156,Sep,BT30,NONE,30,4775
21,Europe,Bulgaria,Clothes,Online,L,2010-08-27,880999934,2010-09-16,6313,109.28,35.84,689884.64,226257.92,463626.72,2010CUST880999934,Aug,EXTRA20,Sofia,20,5513
22,Middle East and North Africa,Algeria,Personal Care,Online,H,2011-02-20,127468717,2011-03-09,9681,81.73,56.67,791228.13,548622.27,242605.86,2011CUST127468717,Feb,HOU20,Algiers,20,5336
23,Asia,Mongolia,Clothes,Online,L,2015-12-12,770478332,2016-01-24,515,109.28,35.84,56279.2,18457.6,37821.6,2015CUST770478332,Dec,EXTRA30,Ulaanbaatar,30,3580
24,Central America and the Caribbean,Grenada,Cereal,Online,H,2012-10-28,430390107,2012-11-13,852,205.7,117.11,175256.4,99777.72,75478.68,2012CUST430390107,Oct,AIO10,Saint George's,10,4720
25,Central America and the Caribbean,Grenada,Beverages,Online,M,2017-01-30,397877871,2017-03-20,9759,47.45,31.79,463064.55,310238.61,152825.94,2017CUST397877871,Jan,AND10,Saint George's,10,3165
26,Sub-Saharan Africa,Senegal,Beverages,Offline,M,2014-10-22,683927953,2014-11-04,8334,47.45,31.79,395448.3,264937.86,130510.44,2014CUST683927953,Oct,GC10,Dakar,10,3996
27,North America,Greenland,Fruits,Offline,M,2012-01-31,469839179,2012-02-22,4709,9.33,6.92,43934.97,32586.28,11348.69,2012CUST469839179,Jan,OFF10,NONE,10,4991
28,Sub-Saharan Africa,Chad,Meat,Offline,H,2016-01-20,357222878,2016-03-09,9043,421.89,364.69,3815151.27,3297891.67,517259.6,2016CUST357222878,Jan,SALE10,N'Djamena,10,3541
29,Sub-Saharan Africa,Mauritius ,Personal Care,Online,C,2016-01-01,118002879,2016-01-07,8529,81.73,56.67,697075.17,483338.43,213736.74,2016CUST118002879,Jan,NJ10,Port Louis,10,3560
30,Middle East and North Africa,Morocco,Beverages,Offline,C,2017-06-01,944415509,2017-06-23,2391,47.45,31.79,113452.95,76009.89,37443.06,2017CUST944415509,Jun,AIO30,Rabat,30,3043
31,Central America and the Caribbean,Honduras,Office Supplies,Online,H,2015-06-30,499009597,2015-07-09,6884,651.21,524.96,4482929.64,3613824.64,869105.0,2015CUST499009597,Jun,NOTES30,Tegucigalpa,30,3745
32,Sub-Saharan Africa,Benin,Fruits,Online,L,2014-01-28,564646470,2014-03-16,293,9.33,6.92,2733.69,2027.56,706.13,2014CUST564646470,Jan,GC10,Porto Novo,10,4263
33,Europe,Greece,Baby Food,Offline,M,2014-04-08,294499957,2014-04-08,7937,255.28,159.42,2026157.36,1265316.54,760840.82,2014CUST294499957,Apr,NOTES10,Athens,10,4193
34,Central America and the Caribbean,Jamaica,Beverages,Offline,L,2010-09-04,262056386,2010-10-24,7163,47.45,31.79,339884.35,227711.77,112172.58,2010CUST262056386,Sep,BT30,Kingston,30,5505
35,Sub-Saharan Africa,Equatorial Guinea,Office Supplies,Online,M,2010-05-02,211114585,2010-05-14,2352,651.21,524.96,1531645.92,1234705.92,296940.0,2010CUST211114585,May,NCA20,Malabo,20,5630
36,Sub-Saharan Africa,Swaziland,Office Supplies,Offline,H,2013-10-03,405785882,2013-10-22,9915,651.21,524.96,6456747.15,5204978.4,1251768.75,2013CUST405785882,Oct,NOTES10,NONE,10,4380
37,Central America and the Caribbean,Trinidad And Tobago,Vegetables,Offline,M,2011-03-06,280494105,2011-04-14,3294,154.06,90.93,507473.64,299523.42,207950.22,2011CUST280494105,Mar,AND30,Port of Spain,30,5322
38,Europe,Sweden,Baby Food,Online,L,2016-08-07,689975583,2016-08-12,7963,255.28,159.42,2032794.64,1269461.46,763333.18,2016CUST689975583,Aug,OFF20,Stockholm,20,3341
39,Europe,Belarus,Office Supplies,Online,L,2011-01-11,759279143,2011-02-18,6426,651.21,524.96,4184675.46,3373392.96,811282.5,2011CUST759279143,Jan,SALE10,Minsk,10,5376
40,Sub-Saharan Africa,Guinea-Bissau,Office Supplies,Offline,C,2014-05-21,133766114,2014-06-12,3221,651.21,524.96,2097547.41,1690896.16,406651.25,2014CUST133766114,May,WEMP20,Bissau,20,4150
41,Asia,Mongolia,Beverages,Online,M,2013-08-03,329110324,2013-09-02,9913,47.45,31.79,470371.85,315134.27,155237.58,2013CUST329110324,Aug,NOTES20,Ulaanbaatar,20,4441
42,Middle East and North Africa,Turkey,Meat,Online,L,2011-10-05,681298100,2011-11-20,103,421.89,364.69,43454.67,37563.07,5891.6,2011CUST681298100,Oct,ACC10,Ankara,10,5109
43,Sub-Saharan Africa,Central African Republic,Snacks,Offline,L,2016-11-15,596628272,2016-12-30,4419,152.58,97.44,674251.02,430587.36,243663.66,2016CUST596628272,Nov,HGEAR20,Bangui,20,3241
44,Sub-Saharan Africa,Equatorial Guinea,Office Supplies,Offline,L,2015-04-03,901712167,2015-04-17,5523,651.21,524.96,3596632.83,2899354.08,697278.75,2015CUST901712167,Apr,WEMP10,Malabo,10,3833
45,Asia,Laos,Beverages,Online,M,2013-03-22,693473613,2013-04-21,3107,47.45,31.79,147427.15,98771.53,48655.62,2013CUST693473613,Mar,GC30,Vientiane,30,4575
46,Europe,Armenia,Meat,Online,C,2010-08-02,489148938,2010-09-01,8896,421.89,364.69,3753133.44,3244282.24,508851.2,2010CUST489148938,Aug,GC20,Yerevan,20,5538
47,Europe,Greece,Household,Online,L,2012-01-05,876286971,2012-02-15,1643,668.27,502.54,1097967.61,825673.22,272294.39,2012CUST876286971,Jan,ACC10,Athens,10,5017
48,Middle East and North Africa,Israel,Personal Care,Offline,H,2015-08-26,262749040,2015-08-30,2135,81.73,56.67,174493.55,120990.45,53503.1,2015CUST262749040,Aug,NE20,Jerusalem (very limited international recognition),20,3688
49,Asia,Bhutan,Meat,Online,H,2016-12-09,726708972,2017-01-26,8189,421.89,364.69,3454857.21,2986446.41,468410.8,2016CUST726708972,Dec,GC30,Thimphu,30,3217
50,Australia and Oceania,Vanuatu,Vegetables,Online,L,2012-05-17,366653096,2012-05-31,9654,154.06,90.93,1487295.24,877838.22,609457.02,2012CUST366653096,May,AIO20,Port Vila,20,4884
51,Sub-Saharan Africa,Burundi,Vegetables,Online,M,2010-11-17,951380240,2010-12-20,3410,154.06,90.93,525344.6,310071.3,215273.3,2010CUST951380240,Nov,WEMP20,Gitega,20,5431
52,Europe,Ukraine,Cosmetics,Online,M,2014-11-13,270001733,2015-01-01,8368,437.2,263.33,3658489.6,2203545.44,1454944.16,2014CUST270001733,Nov,HGEAR20,Kyiv or Kiev,20,3974
53,Europe,Croatia,Beverages,Online,C,2016-06-16,681941401,2016-07-28,470,47.45,31.79,22301.5,14941.3,7360.2,2016CUST681941401,Jun,ACC30,Zagreb,30,3393
54,Sub-Saharan Africa,Madagascar,Fruits,Online,L,2016-05-31,566935575,2016-06-07,7690,9.33,6.92,71747.7,53214.8,18532.9,2016CUST566935575,May,EXTRA20,Antananarivo,20,3409
55,Asia,Malaysia,Snacks,Offline,M,2012-10-06,175033080,2012-11-05,5033,152.58,97.44,767935.14,490415.52,277519.62,2012CUST175033080,Oct,NOTES10,Kuala Lumpur,10,4742
56,Asia,Uzbekistan,Office Supplies,Offline,L,2012-03-10,276595246,2012-03-15,9535,651.21,524.96,6209287.35,5005493.6,1203793.75,2012CUST276595246,Mar,NOTES30,Tashkent,30,4952
57,Europe,Italy,Office Supplies,Online,M,2011-01-26,812295901,2011-02-13,5263,651.21,524.96,3427318.23,2762864.48,664453.75,2011CUST812295901,Jan,HGEAR10,Rome,10,5361
58,Asia,Nepal,Vegetables,Offline,C,2014-06-02,443121373,2014-06-19,8316,154.06,90.93,1281162.96,756173.88,524989.08,2014CUST443121373,Jun,ACC30,Kathmandu,30,4138
59,Australia and Oceania,Fiji,Personal Care,Offline,H,2016-12-17,600370490,2017-01-25,1824,81.73,56.67,149075.52,103366.08,45709.44,2016CUST600370490,Dec,EXTRA30,Suva,30,3209
60,Europe,Portugal,Office Supplies,Online,L,2014-06-27,535654580,2014-07-29,949,651.21,524.96,617998.29,498187.04,119811.25,2014CUST535654580,Jun,ACC30,Lisbon,30,4113
61,Central America and the Caribbean,Panama,Cosmetics,Offline,H,2015-03-17,470897471,2015-04-22,7881,437.2,263.33,3445573.2,2075303.73,1370269.47,2015CUST470897471,Mar,HGEAR30,Panama City,30,3850
62,Europe,Belarus,Beverages,Offline,L,2013-04-03,248335492,2013-04-04,6846,47.45,31.79,324842.7,217634.34,107208.36,2013CUST248335492,Apr,BT10,Minsk,10,4563
63,Sub-Saharan Africa,Botswana,Clothes,Offline,C,2015-03-08,680517470,2015-03-25,9097,109.28,35.84,994120.16,326036.48,668083.68,2015CUST680517470,Mar,EXTRA30,Gaborone,30,3859
64,Sub-Saharan Africa,Tanzania,Personal Care,Online,M,2013-06-21,400304734,2013-07-29,7921,81.73,56.67,647383.33,448883.07,198500.26,2013CUST400304734,Jun,NOTES30,Dodoma,30,4484
65,Europe,Romania,Office Supplies,Offline,C,2013-01-06,810871112,2013-01-08,3636,651.21,524.96,2367799.56,1908754.56,459045.0,2013CUST810871112,Jan,NOTES10,Bucharest,10,4650
66,Sub-Saharan Africa,Mali,Cereal,Online,L,2012-03-17,235702931,2012-04-03,8590,205.7,117.11,1766963.0,1005974.9,760988.1,2012CUST235702931,Mar,AND30,Bamako,30,4945
67,Sub-Saharan Africa,Central African Republic,Office Supplies,Offline,C,2014-04-18,668599021,2014-05-12,2163,651.21,524.96,1408567.23,1135488.48,273078.75,2014CUST668599021,Apr,OFF10,Bangui,10,4183
68,Sub-Saharan Africa,Niger,Baby Food,Online,M,2016-01-03,123670709,2016-02-01,5766,255.28,159.42,1471944.48,919215.72,552728.76,2016CUST123670709,Jan,ELEC10,Niamey,10,3558
69,Europe,Austria,Office Supplies,Online,L,2011-05-12,285341823,2011-06-08,7841,651.21,524.96,5106137.61,4116211.36,989926.25,2011CUST285341823,May,EXTRA20,Vienna,20,5255
70,Asia,India,Fruits,Online,H,2010-07-29,658348691,2010-08-22,8862,9.33,6.92,82682.46,61325.04,21357.42,2010CUST658348691,Jul,EXTRA10,New Delhi,10,5542
71,Europe,Luxembourg,Baby Food,Offline,L,2013-08-02,817740142,2013-08-19,6335,255.28,159.42,1617198.8,1009925.7,607273.1,2013CUST817740142,Aug,ELEC20,Luxembourg,20,4442
72,Sub-Saharan Africa,Cape Verde,Beverages,Offline,H,2013-10-23,858877503,2013-11-06,9794,47.45,31.79,464725.3,311351.26,153374.04,2013CUST858877503,Oct,SALE10,Praia,10,4360
73,Europe,Sweden,Vegetables,Offline,M,2017-02-05,947434604,2017-02-19,5808,154.06,90.93,894780.48,528121.44,366659.04,2017CUST947434604,Feb,BT20,Stockholm,20,3159
74,Europe,Iceland,Meat,Offline,H,2015-03-20,869397771,2015-04-17,2975,421.89,364.69,1255122.75,1084952.75,170170.0,2015CUST869397771,Mar,ACC30,Reykjavik,30,3847
75,Middle East and North Africa,Qatar,Personal Care,Offline,L,2012-05-06,481065833,2012-05-08,6925,81.73,56.67,565980.25,392439.75,173540.5,2012CUST481065833,May,ELEC20,Doha,20,4895
76,Sub-Saharan Africa,South Sudan,Meat,Online,C,2013-09-30,159050118,2013-10-01,5319,421.89,364.69,2244032.91,1939786.11,304246.8,2013CUST159050118,Sep,HGEAR30,Juba,30,4383
77,Europe,United Kingdom,Office Supplies,Online,M,2014-05-20,350274455,2014-06-14,2850,651.21,524.96,1855948.5,1496136.0,359812.5,2014CUST350274455,May,NJ20,London,20,4151
78,Middle East and North Africa,Tunisia ,Cereal,Online,L,2010-04-09,221975171,2010-05-17,6241,205.7,117.11,1283773.7,730883.51,552890.19,2010CUST221975171,Apr,EXTRA10,Tunis,10,5653
79,North America,United States Of America,Office Supplies,Online,C,2017-06-09,811701095,2017-07-19,9247,651.21,524.96,6021738.87,4854305.12,1167433.75,2017CUST811701095,Jun,NCA30,Washington D.C.,30,3035
80,Sub-Saharan Africa,Liberia,Cereal,Online,L,2015-02-08,977313554,2015-03-29,7653,205.7,117.11,1574222.1,896242.83,677979.27,2015CUST977313554,Feb,HGEAR20,Monrovia,20,3887
81,Sub-Saharan Africa,Eritrea,Snacks,Offline,L,2010-01-25,546986377,2010-02-10,4279,152.58,97.44,652889.82,416945.76,235944.06,2010CUST546986377,Jan,EXTRA10,Asmara,10,5727
82,Asia,South Korea,Fruits,Offline,L,2010-03-07,769205892,2010-03-17,3972,9.33,6.92,37058.76,27486.24,9572.52,2010CUST769205892,Mar,NJ30,Seoul,30,5686
83,Sub-Saharan Africa,Kenya,Clothes,Offline,M,2013-01-03,262770926,2013-02-08,8611,109.28,35.84,941010.08,308618.24,632391.84,2013CUST262770926,Jan,GC10,Nairobi,10,4653
84,Sub-Saharan Africa,Rwanda,Snacks,Online,M,2017-03-06,866792809,2017-03-18,2109,152.58,97.44,321791.22,205500.96,116290.26,2017CUST866792809,Mar,NOTES30,Kigali,30,3130
85,Central America and the Caribbean,Cuba,Beverages,Offline,C,2011-01-09,890695369,2011-02-23,5408,47.45,31.79,256609.6,171920.32,84689.28,2011CUST890695369,Jan,ACC10,Havana,10,5378
86,Middle East and North Africa,Libya,Cereal,Offline,M,2014-03-27,964214932,2014-03-31,1480,205.7,117.11,304436.0,173322.8,131113.2,2014CUST964214932,Mar,EXTRA30,Tripoli,30,4205
87,Europe,Czech Republic,Snacks,Online,C,2013-06-28,887400329,2013-08-17,332,152.58,97.44,50656.56,32350.08,18306.48,2013CUST887400329,Jun,BT30,Prague,30,4477
88,Europe,Montenegro,Beverages,Offline,M,2011-09-04,980612885,2011-09-04,3999,47.45,31.79,189752.55,127128.21,62624.34,2011CUST980612885,Sep,SALE30,Podgorica,30,5140
89,Europe,Montenegro,Clothes,Offline,M,2016-07-14,734526431,2016-08-02,1549,109.28,35.84,169274.72,55516.16,113758.56,2016CUST734526431,Jul,HOU10,Podgorica,10,3365
90,Asia,Philippines,Baby Food,Online,L,2014-02-23,160127294,2014-03-23,4079,255.28,159.42,1041287.12,650274.18,391012.94,2014CUST160127294,Feb,OFF20,Manila,20,4237
91,Central America and the Caribbean,El Salvador,Clothes,Offline,L,2010-08-07,238714301,2010-09-13,9721,109.28,35.84,1062310.88,348400.64,713910.24,2010CUST238714301,Aug,HGEAR20,San Salvador,20,5533
92,Australia and Oceania,Tonga,Household,Online,M,2013-01-14,671898782,2013-02-06,8635,668.27,502.54,5770511.45,4339432.9,1431078.55,2013CUST671898782,Jan,ACC10,Nuku'alofa,10,4642
93,Sub-Saharan Africa,Democratic Republic Of The Congo,Personal Care,Offline,H,2010-09-30,331604564,2010-11-17,8014,81.73,56.67,654984.22,454153.38,200830.84,2010CUST331604564,Sep,HOU30,Kinshasa,30,5479
94,Middle East and North Africa,Afghanistan,Cereal,Online,M,2016-10-13,410067975,2016-11-20,7081,205.7,117.11,1456561.7,829255.91,627305.79,2016CUST410067975,Oct,OFF10,Kabul,10,3274
95,Australia and Oceania,Tuvalu,Snacks,Offline,L,2011-03-16,369837844,2011-03-23,2091,152.58,97.44,319044.78,203747.04,115297.74,2011CUST369837844,Mar,BT30,Funafuti,30,5312
96,Sub-Saharan Africa,Sudan,Fruits,Online,L,2012-12-26,193775498,2013-01-31,1331,9.33,6.92,12418.23,9210.52,3207.71,2012CUST193775498,Dec,NJ30,Khartoum,30,4661
97,Sub-Saharan Africa,Niger,Clothes,Online,M,2015-09-02,835054767,2015-10-09,117,109.28,35.84,12785.76,4193.28,8592.48,2015CUST835054767,Sep,OFF30,Niamey,30,3681
98,Sub-Saharan Africa,Gabon,Household,Offline,C,2013-11-11,167161977,2013-12-24,5798,668.27,502.54,3874629.46,2913726.92,960902.54,2013CUST167161977,Nov,NE20,Libreville,20,4341
99,Australia and Oceania,East Timor,Vegetables,Offline,C,2014-08-04,633895957,2014-08-22,2755,154.06,90.93,424435.3,250512.15,173923.15,2014CUST633895957,Aug,ACC20,Dili,20,4075
100,North America,United States Of America,Clothes,Offline,C,2010-10-21,699368035,2010-12-07,7398,109.28,35.84,808453.44,265144.32,543309.12,2010CUST699368035,Oct,BT10,Washington D.C.,10,5458
101,Middle East and North Africa,Jordan,Vegetables,Offline,L,2015-06-13,698002040,2015-07-29,3170,154.06,90.93,488370.2,288248.1,200122.1,2015CUST698002040,Jun,AND30,Amman,30,3762
102,Europe,Cyprus,Snacks,Offline,H,2012-03-29,584534299,2012-05-18,5544,152.58,97.44,845903.52,540207.36,305696.16,2012CUST584534299,Mar,HOU30,Nicosia,30,4933
103,Sub-Saharan Africa,Malawi,Vegetables,Online,L,2012-06-22,384013640,2012-07-19,7025,154.06,90.93,1082271.5,638783.25,443488.25,2012CUST384013640,Jun,GC30,Lilongwe,30,4848
104,Europe,Iceland,Personal Care,Online,M,2013-05-10,641801393,2013-05-24,2149,81.73,56.67,175637.77,121783.83,53853.94,2013CUST641801393,May,HGEAR20,Reykjavik,20,4526
105,Middle East and North Africa,Israel,Personal Care,Online,M,2016-12-10,173571383,2017-01-11,2484,81.73,56.67,203017.32,140768.28,62249.04,2016CUST173571383,Dec,BT30,Jerusalem (very limited international recognition),30,3216
106,Middle East and North Africa,United Arab Emirates,Snacks,Offline,H,2011-03-20,115309941,2011-04-06,1629,152.58,97.44,248552.82,158729.76,89823.06,2011CUST115309941,Mar,EXTRA30,Abu Dhabi,30,5308
107,Asia,China,Cosmetics,Offline,L,2011-09-22,773315894,2011-11-04,213,437.2,263.33,93123.6,56089.29,37034.31,2011CUST773315894,Sep,GC30,Beijing,30,5122
108,Sub-Saharan Africa,Kenya,Beverages,Online,M,2012-05-11,274200570,2012-06-26,897,47.45,31.79,42562.65,28515.63,14047.02,2012CUST274200570,May,ACC20,Nairobi,20,4890
109,Middle East and North Africa,Somalia,Clothes,Offline,M,2011-11-15,414887797,2011-11-17,3374,109.28,35.84,368710.72,120924.16,247786.56,2011CUST414887797,Nov,NCA20,Mogadishu,20,5068
110,Australia and Oceania,Tonga,Beverages,Offline,L,2010-01-27,812613904,2010-01-29,9367,47.45,31.79,444464.15,297776.93,146687.22,2010CUST812613904,Jan,OFF10,Nuku'alofa,10,5725
111,Asia,Bangladesh,Baby Food,Online,H,2011-08-17,254927718,2011-09-07,7632,255.28,159.42,1948296.96,1216693.44,731603.52,2011CUST254927718,Aug,NCA20,Dhaka,20,5158
112,Middle East and North Africa,Egypt,Beverages,Offline,M,2014-09-06,749690568,2014-10-26,8954,47.45,31.79,424867.3,284647.66,140219.64,2014CUST749690568,Sep,BT30,Cairo,30,4042
113,Sub-Saharan Africa,Eritrea,Cereal,Offline,C,2014-09-03,775076282,2014-09-19,1150,205.7,117.11,236555.0,134676.5,101878.5,2014CUST775076282,Sep,BT30,Asmara,30,4045
114,Sub-Saharan Africa,Swaziland,Office Supplies,Online,H,2015-09-05,229571187,2015-09-18,4071,651.21,524.96,2651075.91,2137112.16,513963.75,2015CUST229571187,Sep,NCA30,NONE,30,3678
115,Asia,Vietnam,Baby Food,Online,C,2011-06-20,881974112,2011-07-11,4594,255.28,159.42,1172756.32,732375.48,440380.84,2011CUST881974112,Jun,NJ30,Hanoi,30,5216
116,Australia and Oceania,Marshall Islands,Snacks,Online,L,2012-01-12,521396386,2012-02-14,1632,152.58,97.44,249010.56,159022.08,89988.48,2012CUST521396386,Jan,OFF10,Majuro,10,5010
117,Asia,Taiwan,Household,Online,C,2017-01-23,607261836,2017-02-22,1127,668.27,502.54,753140.29,566362.58,186777.71,2017CUST607261836,Jan,NE10,Taipei,10,3172
118,Europe,Ireland,Vegetables,Online,M,2012-03-04,419306790,2012-03-12,1052,154.06,90.93,162071.12,95658.36,66412.76,2012CUST419306790,Mar,ELEC30,Dublin,30,4958
119,Sub-Saharan Africa,Rwanda,Meat,Offline,H,2010-07-18,207580077,2010-07-18,6413,421.89,364.69,2705580.57,2338756.97,366823.6,2010CUST207580077,Jul,GC10,Kigali,10,5553
120,Europe,Sweden,Snacks,Online,M,2011-04-12,742443025,2011-04-15,4245,152.58,97.44,647702.1,413632.8,234069.3,2011CUST742443025,Apr,NJ10,Stockholm,10,5285
121,Sub-Saharan Africa,Gabon,Snacks,Offline,M,2010-10-03,164569461,2010-10-05,8615,152.58,97.44,1314476.7,839445.6,475031.1,2010CUST164569461,Oct,HOU10,Libreville,10,5476
122,Sub-Saharan Africa,South Africa,Baby Food,Online,L,2013-12-29,734945714,2014-02-12,5624,255.28,159.42,1435694.72,896578.08,539116.64,2013CUST734945714,Dec,ACC30,"Pretoria, Bloemfontein, Cape Town",30,4293
123,Europe,United Kingdom,Clothes,Offline,C,2015-09-19,284870612,2015-10-07,8399,109.28,35.84,917842.72,301020.16,616822.56,2015CUST284870612,Sep,HGEAR30,London,30,3664
124,Europe,Albania,Fruits,Offline,M,2011-09-17,765955483,2011-10-07,2104,9.33,6.92,19630.32,14559.68,5070.64,2011CUST765955483,Sep,AIO30,Tirana (Tirane),30,5127
125,Asia,Malaysia,Snacks,Offline,H,2010-03-11,600124156,2010-04-21,8929,152.58,97.44,1362386.82,870041.76,492345.06,2010CUST600124156,Mar,OFF30,Kuala Lumpur,30,5682
126,Sub-Saharan Africa,Ghana,Household,Offline,L,2012-11-10,529612958,2012-12-11,3098,668.27,502.54,2070300.46,1556868.92,513431.54,2012CUST529612958,Nov,WEMP20,Accra,20,4707
127,Central America and the Caribbean,Cuba,Clothes,Offline,H,2011-02-16,466970717,2011-03-18,5867,109.28,35.84,641145.76,210273.28,430872.48,2011CUST466970717,Feb,ELEC20,Havana,20,5340
128,Central America and the Caribbean,Saint Lucia,Cosmetics,Online,C,2012-08-13,845058763,2012-09-22,522,437.2,263.33,228218.4,137458.26,90760.14,2012CUST845058763,Aug,ACC20,Castries,20,4796
129,Europe,Romania,Snacks,Offline,L,2014-08-28,367050921,2014-08-31,7379,152.58,97.44,1125887.82,719009.76,406878.06,2014CUST367050921,Aug,NE20,Bucharest,20,4051
130,Europe,Portugal,Office Supplies,Online,L,2015-08-19,956433522,2015-09-12,8788,651.21,524.96,5722833.48,4613348.48,1109485.0,2015CUST956433522,Aug,WEMP20,Lisbon,20,3695
131,Europe,Macedonia,Beverages,Online,C,2011-03-20,107005393,2011-05-04,4129,47.45,31.79,195921.05,131260.91,64660.14,2011CUST107005393,Mar,OFF30,Skopje,30,5308
132,Asia,China,Beverages,Offline,C,2013-04-16,332877862,2013-05-07,4811,47.45,31.79,228281.95,152941.69,75340.26,2013CUST332877862,Apr,EXTRA10,Beijing,10,4550
133,Europe,Germany,Baby Food,Online,L,2015-11-13,618474757,2015-12-31,9279,255.28,159.42,2368743.12,1479258.18,889484.94,2015CUST618474757,Nov,WEMP20,Berlin,20,3609
134,Europe,Ireland,Household,Online,M,2014-01-10,468532407,2014-02-11,8006,668.27,502.54,5350169.62,4023335.24,1326834.38,2014CUST468532407,Jan,SALE10,Dublin,10,4281
135,Europe,Poland,Office Supplies,Offline,M,2015-04-09,358099639,2015-04-29,8496,651.21,524.96,5532680.16,4460060.16,1072620.0,2015CUST358099639,Apr,HGEAR10,Warsaw,10,3827
136,Sub-Saharan Africa,Namibia,Household,Online,H,2013-01-07,382537782,2013-01-27,285,668.27,502.54,190456.95,143223.9,47233.05,2013CUST382537782,Jan,HOU10,Windhoek,10,4649
137,Asia,Uzbekistan,Personal Care,Offline,H,2013-02-12,707520663,2013-03-15,9942,81.73,56.67,812559.66,563413.14,249146.52,2013CUST707520663,Feb,ACC20,Tashkent,20,4613
138,Sub-Saharan Africa,Zimbabwe,Meat,Online,M,2014-11-28,219034612,2014-12-10,6064,421.89,364.69,2558340.96,2211480.16,346860.8,2014CUST219034612,Nov,OFF20,Harare,20,3959
139,Asia,Mongolia,Meat,Offline,M,2015-01-03,573378455,2015-01-17,4281,421.89,364.69,1806111.09,1561237.89,244873.2,2015CUST573378455,Jan,EXTRA10,Ulaanbaatar,10,3923
140,Europe,Norway,Personal Care,Online,H,2011-02-03,347163522,2011-03-22,2256,81.73,56.67,184382.88,127847.52,56535.36,2011CUST347163522,Feb,ACC20,Oslo,20,5353
141,Middle East and North Africa,Oman,Snacks,Offline,M,2013-04-09,887313640,2013-04-21,4679,152.58,97.44,713921.82,455921.76,258000.06,2013CUST887313640,Apr,EXTRA10,Muscat,10,4557
142,Europe,Serbia,Cosmetics,Online,H,2017-07-26,461065137,2017-08-19,8275,437.2,263.33,3617830.0,2179055.75,1438774.25,2017CUST461065137,Jul,AIO10,Belgrade,10,2988
143,Sub-Saharan Africa,Democratic Republic Of The Congo,Fruits,Offline,H,2017-04-15,105966842,2017-05-19,6798,9.33,6.92,63425.34,47042.16,16383.18,2017CUST105966842,Apr,NOTES10,Kinshasa,10,3090
144,Europe,Bulgaria,Baby Food,Online,M,2014-05-16,479880082,2014-05-23,6035,255.28,159.42,1540614.8,962099.7,578515.1,2014CUST479880082,May,AND20,Sofia,20,4155
145,Asia,Brunei,Baby Food,Online,H,2015-08-12,510978686,2015-09-30,8803,255.28,159.42,2247229.84,1403374.26,843855.58,2015CUST510978686,Aug,HOU20,Bandar Seri Begawan,20,3702
146,Europe,Serbia,Snacks,Offline,C,2013-09-20,547748982,2013-10-14,9951,152.58,97.44,1518323.58,969625.44,548698.14,2013CUST547748982,Sep,ACC30,Belgrade,30,4393
147,Sub-Saharan Africa,Ghana,Cereal,Offline,M,2013-10-31,108989799,2013-12-09,1358,205.7,117.11,279340.6,159035.38,120305.22,2013CUST108989799,Oct,ELEC10,Accra,10,4352
148,Sub-Saharan Africa,Malawi,Cereal,Offline,M,2014-07-30,133812463,2014-08-09,6936,205.7,117.11,1426735.2,812274.96,614460.24,2014CUST133812463,Jul,WEMP10,Lilongwe,10,4080
149,Sub-Saharan Africa,Zimbabwe,Fruits,Offline,L,2011-11-12,731640803,2011-12-30,7627,9.33,6.92,71159.91,52778.84,18381.07,2011CUST731640803,Nov,ELEC20,Harare,20,5071
150,Europe,Cyprus,Snacks,Offline,C,2010-03-25,732211148,2010-04-14,6405,152.58,97.44,977274.9,624103.2,353171.7,2010CUST732211148,Mar,NCA30,Nicosia,30,5668
151,Central America and the Caribbean,Nicaragua,Cereal,Online,M,2011-07-04,835572326,2011-08-08,3274,205.7,117.11,673461.8,383418.14,290043.66,2011CUST835572326,Jul,EXTRA10,Managua,10,5202
152,Europe,Estonia,Baby Food,Offline,C,2011-01-01,462085664,2011-01-15,271,255.28,159.42,69180.88,43202.82,25978.06,2011CUST462085664,Jan,AND10,Tallinn,10,5386
153,Europe,Estonia,Clothes,Online,C,2016-06-16,902424991,2016-07-04,6463,109.28,35.84,706276.64,231633.92,474642.72,2016CUST902424991,Jun,EXTRA30,Tallinn,30,3393
154,Europe,Lithuania,Fruits,Offline,H,2013-12-17,367576634,2014-01-05,2949,9.33,6.92,27514.17,20407.08,7107.09,2013CUST367576634,Dec,SALE30,Vilnius,30,4305
155,Sub-Saharan Africa,Republic Of The Congo,Meat,Offline,H,2017-03-01,738839423,2017-03-31,7859,421.89,364.69,3315633.51,2866098.71,449534.8,2017CUST738839423,Mar,AIO30,Brazzaville,30,3135
156,Europe,Czech Republic,Baby Food,Online,C,2010-07-02,817824685,2010-07-27,1353,255.28,159.42,345393.84,215695.26,129698.58,2010CUST817824685,Jul,AIO10,Prague,10,5569
157,Sub-Saharan Africa,Cameroon,Snacks,Online,C,2013-07-16,376456248,2013-08-01,624,152.58,97.44,95209.92,60802.56,34407.36,2013CUST376456248,Jul,OFF10,Yaounde,10,4459
158,Asia,Vietnam,Office Supplies,Online,H,2016-08-16,606970441,2016-09-16,4897,651.21,524.96,3188975.37,2570729.12,618246.25,2016CUST606970441,Aug,HGEAR20,Hanoi,20,3332
159,Europe,Moldova ,Meat,Offline,L,2014-12-16,971916091,2015-01-19,424,421.89,364.69,178881.36,154628.56,24252.8,2014CUST971916091,Dec,AIO30,Chisinau,30,3941
160,Middle East and North Africa,Bahrain,Office Supplies,Offline,L,2012-05-14,554154527,2012-05-15,5494,651.21,524.96,3577747.74,2884130.24,693617.5,2012CUST554154527,May,NOTES20,Manama,20,4887
161,Europe,Hungary,Household,Online,L,2017-07-18,306859576,2017-07-19,5423,668.27,502.54,3624028.21,2725274.42,898753.79,2017CUST306859576,Jul,HGEAR10,Budapest,10,2996
162,Australia and Oceania,Marshall Islands,Personal Care,Offline,L,2017-07-09,803517568,2017-07-21,7559,81.73,56.67,617797.07,428368.53,189428.54,2017CUST803517568,Jul,EXTRA10,Majuro,10,3005
163,Middle East and North Africa,Iraq,Office Supplies,Online,C,2011-09-30,887927329,2011-10-02,6283,651.21,524.96,4091552.43,3298323.68,793228.75,2011CUST887927329,Sep,WEMP30,Baghdad,30,5114
164,Europe,Albania,Vegetables,Online,H,2015-11-24,824200189,2015-11-26,8006,154.06,90.93,1233404.36,727985.58,505418.78,2015CUST824200189,Nov,BT20,Tirana (Tirane),20,3598
165,Sub-Saharan Africa,Lesotho,Office Supplies,Online,H,2012-08-14,946759974,2012-09-14,6170,651.21,524.96,4017965.7,3239003.2,778962.5,2012CUST946759974,Aug,OFF20,Maseru,20,4795
166,Middle East and North Africa,Lebanon,Clothes,Offline,H,2015-12-06,310343015,2015-12-28,6249,109.28,35.84,682890.72,223964.16,458926.56,2015CUST310343015,Dec,NE30,Beirut,30,3586
167,Europe,Hungary,Vegetables,Online,C,2014-05-25,739998137,2014-07-09,748,154.06,90.93,115236.88,68015.64,47221.24,2014CUST739998137,May,HOU20,Budapest,20,4146
168,Asia,Japan,Beverages,Online,H,2012-10-18,981086671,2012-11-21,4203,47.45,31.79,199432.35,133613.37,65818.98,2012CUST981086671,Oct,EXTRA10,Tokyo,10,4730
169,Europe,Georgia,Office Supplies,Offline,L,2013-03-13,749282443,2013-03-25,8180,651.21,524.96,5326897.8,4294172.8,1032725.0,2013CUST749282443,Mar,WEMP30,Tbilisi,30,4584
170,Europe,Estonia,Office Supplies,Online,C,2011-02-23,280571782,2011-03-11,6280,651.21,524.96,4089598.8,3296748.8,792850.0,2011CUST280571782,Feb,GC20,Tallinn,20,5333
171,Europe,Luxembourg,Household,Online,C,2014-08-15,781253516,2014-09-01,9131,668.27,502.54,6101973.37,4588692.74,1513280.63,2014CUST781253516,Aug,NJ20,Luxembourg,20,4064
172,Sub-Saharan Africa,Swaziland,Personal Care,Online,H,2017-07-06,377938973,2017-07-11,9396,81.73,56.67,767935.08,532471.32,235463.76,2017CUST377938973,Jul,ELEC10,NONE,10,3008
173,Europe,Romania,Clothes,Offline,C,2010-12-31,867551982,2011-01-03,6765,109.28,35.84,739279.2,242457.6,496821.6,2010CUST867551982,Dec,NJ30,Bucharest,30,5387
174,Sub-Saharan Africa,Ethiopia,Personal Care,Offline,C,2010-01-13,967328870,2010-01-15,2964,81.73,56.67,242247.72,167969.88,74277.84,2010CUST967328870,Jan,EXTRA10,Addis Ababa,10,5739
175,Sub-Saharan Africa,Chad,Office Supplies,Offline,C,2011-09-17,364818465,2011-10-16,6746,651.21,524.96,4393062.66,3541380.16,851682.5,2011CUST364818465,Sep,GC30,N'Djamena,30,5127
176,Middle East and North Africa,Morocco,Office Supplies,Online,C,2014-03-08,167882096,2014-03-31,8898,651.21,524.96,5794466.58,4671094.08,1123372.5,2014CUST167882096,Mar,OFF30,Rabat,30,4224
177,North America,Mexico,Clothes,Online,H,2012-11-18,654693591,2012-12-01,7237,109.28,35.84,790859.36,259374.08,531485.28,2012CUST654693591,Nov,EXTRA20,Mexico City,20,4699
178,Sub-Saharan Africa,Nigeria,Personal Care,Offline,H,2011-11-18,823739278,2011-12-29,1612,81.73,56.67,131748.76,91352.04,40396.72,2011CUST823739278,Nov,EXTRA20,Abuja,20,5065
179,Central America and the Caribbean,Trinidad And Tobago,Beverages,Offline,L,2012-07-12,643817985,2012-08-19,8904,47.45,31.79,422494.8,283058.16,139436.64,2012CUST643817985,Jul,ACC10,Port of Spain,10,4828
180,Europe,Moldova ,Personal Care,Offline,H,2017-03-30,604041039,2017-05-15,8022,81.73,56.67,655638.06,454606.74,201031.32,2017CUST604041039,Mar,BT30,Chisinau,30,3106
181,Australia and Oceania,Solomon Islands,Personal Care,Online,H,2010-07-26,363832271,2010-09-12,4909,81.73,56.67,401212.57,278193.03,123019.54,2010CUST363832271,Jul,GC10,Honiara,10,5545
182,Asia,India,Personal Care,Online,L,2015-12-24,102928006,2016-01-31,7539,81.73,56.67,616162.47,427235.13,188927.34,2015CUST102928006,Dec,GC30,New Delhi,30,3568
183,Sub-Saharan Africa,Burkina Faso,Office Supplies,Offline,M,2016-05-15,971377074,2016-05-15,917,651.21,524.96,597159.57,481388.32,115771.25,2016CUST971377074,May,ELEC20,Ouagadougou,20,3425
184,Australia and Oceania,Kiribati,Meat,Online,L,2010-11-03,139540803,2010-12-04,2079,421.89,364.69,877109.31,758190.51,118918.8,2010CUST139540803,Nov,HGEAR20,Tarawa Atoll,20,5445
185,Middle East and North Africa,Israel,Meat,Offline,M,2010-12-01,248093020,2010-12-16,5093,421.89,364.69,2148685.77,1857366.17,291319.6,2010CUST248093020,Dec,BT30,Jerusalem (very limited international recognition),30,5417
186,Sub-Saharan Africa,Comoros,Snacks,Offline,L,2014-01-16,858020055,2014-01-17,6056,152.58,97.44,924024.48,590096.64,333927.84,2014CUST858020055,Jan,WEMP10,Moroni,10,4275
187,Middle East and North Africa,Iran,Baby Food,Offline,H,2014-12-11,700620734,2015-01-05,8099,255.28,159.42,2067512.72,1291142.58,776370.14,2014CUST700620734,Dec,NJ30,Tehran,30,3946
188,Asia,Vietnam,Cosmetics,Offline,L,2016-12-24,827506387,2017-01-30,6384,437.2,263.33,2791084.8,1681098.72,1109986.08,2016CUST827506387,Dec,HGEAR30,Hanoi,30,3202
189,Central America and the Caribbean,Belize,Household,Online,M,2013-03-21,560600841,2013-04-14,3101,668.27,502.54,2072305.27,1558376.54,513928.73,2013CUST560600841,Mar,EXTRA30,Belmopan,30,4576
190,Europe,Belarus,Personal Care,Offline,H,2012-12-08,642140424,2013-01-16,2476,81.73,56.67,202363.48,140314.92,62048.56,2012CUST642140424,Dec,GC30,Minsk,30,4679
191,North America,United States Of America,Baby Food,Offline,C,2015-02-13,984673964,2015-03-05,5763,255.28,159.42,1471178.64,918737.46,552441.18,2015CUST984673964,Feb,NOTES20,Washington D.C.,20,3882
192,Europe,Poland,Beverages,Online,L,2012-03-28,221062791,2012-04-18,6247,47.45,31.79,296420.15,198592.13,97828.02,2012CUST221062791,Mar,EXTRA30,Warsaw,30,4934
193,North America,Canada,Vegetables,Offline,L,2016-10-07,654480731,2016-11-08,4247,154.06,90.93,654292.82,386179.71,268113.11,2016CUST654480731,Oct,GC10,Ottawa,10,3280
194,Middle East and North Africa,Israel,Beverages,Offline,C,2011-12-15,608414113,2011-12-23,2111,47.45,31.79,100166.95,67108.69,33058.26,2011CUST608414113,Dec,NJ30,Jerusalem (very limited international recognition),30,5038
195,Middle East and North Africa,Lebanon,Household,Online,L,2016-03-08,276661765,2016-04-20,9219,668.27,502.54,6160781.13,4632916.26,1527864.87,2016CUST276661765,Mar,AIO30,Beirut,30,3493
196,Europe,Andorra,Baby Food,Online,L,2011-01-18,373335015,2011-02-28,6982,255.28,159.42,1782364.96,1113070.44,669294.52,2011CUST373335015,Jan,GC10,Andorra la Vella,10,5369
197,Europe,Slovakia,Clothes,Online,L,2013-04-11,782857692,2013-05-28,3843,109.28,35.84,419963.04,137733.12,282229.92,2013CUST782857692,Apr,EXTRA10,Bratislava,10,4555
198,Sub-Saharan Africa,Liberia,Fruits,Online,H,2010-05-18,109966123,2010-06-05,274,9.33,6.92,2556.42,1896.08,660.34,2010CUST109966123,May,AIO20,Monrovia,20,5614
199,Central America and the Caribbean,Antigua And Barbuda ,Cereal,Offline,M,2017-06-05,629709136,2017-06-06,3782,205.7,117.11,777957.4,442910.02,335047.38,2017CUST629709136,Jun,ELEC30,Saint John's,30,3039
200,Asia,China,Personal Care,Online,L,2012-09-11,637448060,2012-09-15,3901,81.73,56.67,318828.73,221069.67,97759.06,2012CUST637448060,Sep,NE30,Beijing,30,4767
201,Sub-Saharan Africa,Niger,Baby Food,Online,H,2017-03-08,298856723,2017-04-03,7200,255.28,159.42,1838016.0,1147824.0,690192.0,2017CUST298856723,Mar,NJ30,Niamey,30,3128
202,Europe,United Kingdom,Household,Offline,L,2015-01-28,299921452,2015-02-23,2278,668.27,502.54,1522319.06,1144786.12,377532.94,2015CUST299921452,Jan,SALE10,London,10,3898
203,Asia,Bangladesh,Personal Care,Offline,M,2010-07-26,496941077,2010-07-29,4763,81.73,56.67,389279.99,269919.21,119360.78,2010CUST496941077,Jul,HGEAR10,Dhaka,10,5545
204,Asia,Myanmar,Snacks,Online,L,2016-06-24,366526925,2016-07-14,2317,152.58,97.44,353527.86,225768.48,127759.38,2016CUST366526925,Jun,EXTRA30,Nay Pyi Taw,30,3385
205,Australia and Oceania,Tonga,Meat,Offline,M,2012-08-18,355602824,2012-09-15,9633,421.89,364.69,4064066.37,3513058.77,551007.6,2012CUST355602824,Aug,SALE20,Nuku'alofa,20,4791
206,Sub-Saharan Africa,Guinea-Bissau,Vegetables,Online,C,2010-03-11,531405103,2010-04-19,3434,154.06,90.93,529042.04,312253.62,216788.42,2010CUST531405103,Mar,BT30,Bissau,30,5682
207,Australia and Oceania,Nauru,Vegetables,Offline,M,2010-01-14,131482589,2010-01-20,7475,154.06,90.93,1151598.5,679701.75,471896.75,2010CUST131482589,Jan,GC10,NONE,10,5738
208,Sub-Saharan Africa,Swaziland,Cereal,Online,L,2014-02-10,713696610,2014-03-28,7542,205.7,117.11,1551389.4,883243.62,668145.78,2014CUST713696610,Feb,BT20,NONE,20,4250
209,Europe,Finland,Vegetables,Online,C,2014-01-21,306220996,2014-01-30,6452,154.06,90.93,993995.12,586680.36,407314.76,2014CUST306220996,Jan,ELEC10,Helsinki,10,4270
210,Australia and Oceania,Papua New Guinea,Household,Offline,L,2010-02-28,157542073,2010-03-15,9055,668.27,502.54,6051184.85,4550499.7,1500685.15,2010CUST157542073,Feb,HGEAR20,Port Moresby,20,5693
211,Sub-Saharan Africa,Mauritius ,Personal Care,Online,L,2015-02-18,686458671,2015-03-08,7230,81.73,56.67,590907.9,409724.1,181183.8,2015CUST686458671,Feb,AIO20,Port Louis,20,3877
212,Sub-Saharan Africa,Mozambique,Office Supplies,Online,M,2012-06-14,132082116,2012-07-22,4888,651.21,524.96,3183114.48,2566004.48,617110.0,2012CUST132082116,Jun,NCA30,Maputo,30,4856
213,Europe,Bulgaria,Clothes,Online,L,2013-03-05,403836238,2013-04-03,2972,109.28,35.84,324780.16,106516.48,218263.68,2013CUST403836238,Mar,GC30,Sofia,30,4592
214,Europe,Spain,Household,Online,C,2014-04-10,331457364,2014-04-23,4455,668.27,502.54,2977142.85,2238815.7,738327.15,2014CUST331457364,Apr,AND10,Madrid,10,4191
215,Australia and Oceania,Vanuatu,Meat,Online,H,2017-07-26,614994323,2017-09-12,9341,421.89,364.69,3940874.49,3406569.29,534305.2,2017CUST614994323,Jul,NOTES10,Port Vila,10,2988
216,Europe,Belgium,Fruits,Offline,L,2010-10-19,674808442,2010-10-24,9669,9.33,6.92,90211.77,66909.48,23302.29,2010CUST674808442,Oct,BT10,Brussels,10,5460
217,Europe,Belgium,Baby Food,Offline,L,2016-11-08,901573550,2016-12-23,4503,255.28,159.42,1149525.84,717868.26,431657.58,2016CUST901573550,Nov,NE20,Brussels,20,3248
218,Sub-Saharan Africa,Guinea-Bissau,Clothes,Online,L,2014-03-31,406275975,2014-05-10,4944,109.28,35.84,540280.32,177192.96,363087.36,2014CUST406275975,Mar,HOU30,Bissau,30,4201
219,Sub-Saharan Africa,Togo,Vegetables,Online,C,2016-08-18,170214545,2016-08-19,9121,154.06,90.93,1405181.26,829372.53,575808.73,2016CUST170214545,Aug,NOTES20,Lome,20,3330
220,Sub-Saharan Africa,Cote D'Ivoire,Personal Care,Offline,C,2016-01-03,795000588,2016-01-08,7196,81.73,56.67,588129.08,407797.32,180331.76,2016CUST795000588,Jan,AND10,NONE,10,3558
221,Sub-Saharan Africa,Republic Of The Congo,Fruits,Offline,C,2016-10-21,252557933,2016-11-04,6360,9.33,6.92,59338.8,44011.2,15327.6,2016CUST252557933,Oct,NCA10,Brazzaville,10,3266
222,Middle East and North Africa,Libya,Baby Food,Offline,M,2016-12-10,635122907,2016-12-13,5837,255.28,159.42,1490069.36,930534.54,559534.82,2016CUST635122907,Dec,WEMP30,Tripoli,30,3216
223,Australia and Oceania,East Timor,Vegetables,Online,C,2011-08-12,505244338,2011-09-19,1882,154.06,90.93,289940.92,171130.26,118810.66,2011CUST505244338,Aug,AIO20,Dili,20,5163
224,Europe,Switzerland,Clothes,Offline,H,2012-03-23,745783555,2012-05-09,2782,109.28,35.84,304016.96,99706.88,204310.08,2012CUST745783555,Mar,AIO30,Bern,30,4939
225,Australia and Oceania,Palau,Snacks,Offline,M,2012-04-27,509914386,2012-06-11,3853,152.58,97.44,587890.74,375436.32,212454.42,2012CUST509914386,Apr,NJ10,Melekeok,10,4904
226,Middle East and North Africa,Jordan,Household,Online,M,2014-01-29,371123158,2014-02-09,2445,668.27,502.54,1633920.15,1228710.3,405209.85,2014CUST371123158,Jan,BT10,Amman,10,4262
227,Europe,Slovenia,Household,Online,H,2016-12-13,973208701,2016-12-28,2936,668.27,502.54,1962040.72,1475457.44,486583.28,2016CUST973208701,Dec,HOU30,Ljubljana,30,3213
228,Asia,South Korea,Baby Food,Online,L,2013-11-21,780282342,2013-12-27,1739,255.28,159.42,443931.92,277231.38,166700.54,2013CUST780282342,Nov,AND20,Seoul,20,4331
229,Europe,Norway,Clothes,Online,H,2010-04-07,126767909,2010-05-22,2296,109.28,35.84,250906.88,82288.64,168618.24,2010CUST126767909,Apr,OFF10,Oslo,10,5655
230,Middle East and North Africa,Afghanistan,Baby Food,Online,M,2012-07-08,767401731,2012-07-30,80,255.28,159.42,20422.4,12753.6,7668.8,2012CUST767401731,Jul,OFF10,Kabul,10,4832
231,Asia,Bangladesh,Personal Care,Online,L,2016-10-15,927232635,2016-11-24,7597,81.73,56.67,620902.81,430521.99,190380.82,2016CUST927232635,Oct,HOU10,Dhaka,10,3272
232,Sub-Saharan Africa,Guinea,Meat,Offline,M,2012-09-18,251621949,2012-10-20,9381,421.89,364.69,3957750.09,3421156.89,536593.2,2012CUST251621949,Sep,ELEC30,Conakry,30,4760
233,Central America and the Caribbean,Cuba,Office Supplies,Offline,H,2017-07-02,256243503,2017-07-23,7002,651.21,524.96,4559772.42,3675769.92,884002.5,2017CUST256243503,Jul,AND10,Havana,10,3012
234,Europe,Russia,Cosmetics,Offline,C,2011-07-21,277083623,2011-09-02,4056,437.2,263.33,1773283.2,1068066.48,705216.72,2011CUST277083623,Jul,ACC10,Moscow,10,5185
235,Sub-Saharan Africa,Seychelles ,Vegetables,Offline,L,2010-06-01,620441138,2010-06-22,1175,154.06,90.93,181020.5,106842.75,74177.75,2010CUST620441138,Jun,SALE30,NONE,30,5600
236,Asia,South Korea,Office Supplies,Offline,M,2015-07-26,312927377,2015-09-07,1020,651.21,524.96,664234.2,535459.2,128775.0,2015CUST312927377,Jul,EXTRA10,Seoul,10,3719
237,Sub-Saharan Africa,Ghana,Baby Food,Offline,L,2010-08-06,251466166,2010-09-08,3282,255.28,159.42,837828.96,523216.44,314612.52,2010CUST251466166,Aug,ACC20,Accra,20,5534
238,Central America and the Caribbean,Costa Rica,Office Supplies,Online,H,2010-06-20,953293836,2010-07-22,9685,651.21,524.96,6306968.85,5084237.6,1222731.25,2010CUST953293836,Jun,ACC30,San Jose,30,5581
239,Europe,Romania,Cereal,Online,C,2012-04-08,305959212,2012-04-23,8985,205.7,117.11,1848214.5,1052233.35,795981.15,2012CUST305959212,Apr,NCA10,Bucharest,10,4923
240,Europe,Czech Republic,Cereal,Online,L,2014-02-27,317323625,2014-03-24,1967,205.7,117.11,404611.9,230355.37,174256.53,2014CUST317323625,Feb,NE20,Prague,20,4233
241,Europe,Liechtenstein,Household,Offline,L,2011-07-25,365560901,2011-09-01,6449,668.27,502.54,4309673.23,3240880.46,1068792.77,2011CUST365560901,Jul,NOTES10,Vaduz,10,5181
242,Sub-Saharan Africa,Seychelles ,Baby Food,Online,M,2016-02-18,349157369,2016-04-05,2279,255.28,159.42,581783.12,363318.18,218464.94,2016CUST349157369,Feb,EXTRA20,NONE,20,3512
243,Middle East and North Africa,Somalia,Baby Food,Online,L,2014-01-24,236911857,2014-02-25,6338,255.28,159.42,1617964.64,1010403.96,607560.68,2014CUST236911857,Jan,AND10,Mogadishu,10,4267
244,Australia and Oceania,Solomon Islands,Personal Care,Offline,H,2015-05-10,517935693,2015-06-16,7536,81.73,56.67,615917.28,427065.12,188852.16,2015CUST517935693,May,NCA20,Honiara,20,3796
245,Sub-Saharan Africa,Uganda,Clothes,Offline,C,2012-02-13,851652705,2012-03-27,1816,109.28,35.84,198452.48,65085.44,133367.04,2012CUST851652705,Feb,EXTRA20,Kampala,20,4978
246,Sub-Saharan Africa,Equatorial Guinea,Cereal,Offline,M,2012-09-07,517799222,2012-10-23,7151,205.7,117.11,1470960.7,837453.61,633507.09,2012CUST517799222,Sep,SALE30,Malabo,30,4771
247,Central America and the Caribbean,Costa Rica,Office Supplies,Offline,C,2015-02-04,666424071,2015-03-04,8547,651.21,524.96,5565891.87,4486833.12,1079058.75,2015CUST666424071,Feb,SALE20,San Jose,20,3891
248,Europe,Moldova ,Fruits,Offline,C,2010-11-16,267888581,2010-12-22,3039,9.33,6.92,28353.87,21029.88,7323.99,2010CUST267888581,Nov,HOU20,Chisinau,20,5432
249,Sub-Saharan Africa,Burkina Faso,Vegetables,Online,L,2011-07-20,162866580,2011-07-26,4695,154.06,90.93,723311.7,426916.35,296395.35,2011CUST162866580,Jul,SALE10,Ouagadougou,10,5186
250,Central America and the Caribbean,Guatemala,Beverages,Offline,H,2014-07-26,812344396,2014-08-30,9614,47.45,31.79,456184.3,305629.06,150555.24,2014CUST812344396,Jul,EXTRA10,Guatemala City,10,4084
251,Sub-Saharan Africa,Swaziland,Meat,Online,M,2014-08-24,947620856,2014-09-03,924,421.89,364.69,389826.36,336973.56,52852.8,2014CUST947620856,Aug,NOTES20,NONE,20,4055
252,Asia,Maldives,Vegetables,Online,H,2015-02-25,720307290,2015-03-28,3789,154.06,90.93,583733.34,344533.77,239199.57,2015CUST720307290,Feb,EXTRA20,Male,20,3870
253,Asia,Thailand,Household,Online,H,2016-09-21,352327525,2016-10-27,399,668.27,502.54,266639.73,200513.46,66126.27,2016CUST352327525,Sep,EXTRA30,Bangkok,30,3296
254,Sub-Saharan Africa,Sudan,Household,Online,C,2013-06-28,585917890,2013-07-23,4979,668.27,502.54,3327316.33,2502146.66,825169.67,2013CUST585917890,Jun,ELEC30,Khartoum,30,4477
255,Central America and the Caribbean,Costa Rica,Meat,Offline,L,2012-01-05,433627212,2012-02-13,8783,421.89,364.69,3705459.87,3203072.27,502387.6,2012CUST433627212,Jan,HOU10,San Jose,10,5017
256,Europe,Denmark,Beverages,Online,C,2012-05-01,328316819,2012-05-30,5098,47.45,31.79,241900.1,162065.42,79834.68,2012CUST328316819,May,AND20,Copenhagen,20,4900
257,Sub-Saharan Africa,Angola,Cereal,Offline,C,2011-10-13,773160541,2011-11-21,4240,205.7,117.11,872168.0,496546.4,375621.6,2011CUST773160541,Oct,NJ10,Luanda,10,5101
258,Australia and Oceania,Papua New Guinea,Household,Online,M,2016-04-27,991644704,2016-05-18,8559,668.27,502.54,5719722.93,4301239.86,1418483.07,2016CUST991644704,Apr,OFF10,Port Moresby,10,3443
259,Asia,North Korea,Meat,Online,M,2014-01-19,277568137,2014-02-07,7435,421.89,364.69,3136752.15,2711470.15,425282.0,2014CUST277568137,Jan,HOU10,Pyongyang,10,4272
260,Central America and the Caribbean,El Salvador,Fruits,Online,C,2016-11-06,245042169,2016-12-15,2278,9.33,6.92,21253.74,15763.76,5489.98,2016CUST245042169,Nov,ACC20,San Salvador,20,3250
261,Sub-Saharan Africa,Burkina Faso,Household,Online,M,2011-02-28,778490626,2011-03-24,1531,668.27,502.54,1023121.37,769388.74,253732.63,2011CUST778490626,Feb,NJ20,Ouagadougou,20,5328
262,Middle East and North Africa,Yemen,Baby Food,Online,C,2014-10-11,482649838,2014-11-13,5668,255.28,159.42,1446927.04,903592.56,543334.48,2014CUST482649838,Oct,OFF10,Sana'a,10,4007
263,Sub-Saharan Africa,Republic Of The Congo,Beverages,Online,L,2012-06-25,732568633,2012-07-05,2193,47.45,31.79,104057.85,69715.47,34342.38,2012CUST732568633,Jun,ELEC30,Brazzaville,30,4845
264,Europe,Andorra,Household,Online,M,2012-11-06,723608338,2012-11-23,642,668.27,502.54,429029.34,322630.68,106398.66,2012CUST723608338,Nov,AND20,Andorra la Vella,20,4711
265,Central America and the Caribbean,Dominican Republic,Household,Offline,H,2014-02-24,621442782,2014-04-14,7584,668.27,502.54,5068159.68,3811263.36,1256896.32,2014CUST621442782,Feb,AND20,Santo Domingo,20,4236
266,Middle East and North Africa,Israel,Baby Food,Offline,M,2015-09-19,212058293,2015-10-06,1616,255.28,159.42,412532.48,257622.72,154909.76,2015CUST212058293,Sep,ELEC30,Jerusalem (very limited international recognition),30,3664
267,Australia and Oceania,Solomon Islands,Snacks,Offline,L,2014-03-04,251753699,2014-03-24,8369,152.58,97.44,1276942.02,815475.36,461466.66,2014CUST251753699,Mar,EXTRA30,Honiara,30,4228
268,Sub-Saharan Africa,Liberia,Fruits,Online,M,2014-10-08,217140328,2014-10-30,5503,9.33,6.92,51342.99,38080.76,13262.23,2014CUST217140328,Oct,NJ10,Monrovia,10,4010
269,Sub-Saharan Africa,Mali,Vegetables,Online,C,2012-06-19,555142009,2012-07-10,7712,154.06,90.93,1188110.72,701252.16,486858.56,2012CUST555142009,Jun,EXTRA30,Bamako,30,4851
270,Asia,Uzbekistan,Clothes,Online,C,2010-11-11,432995069,2010-12-13,1718,109.28,35.84,187743.04,61573.12,126169.92,2010CUST432995069,Nov,BT20,Tashkent,20,5437
271,Middle East and North Africa,Tunisia ,Personal Care,Offline,H,2010-11-01,888248336,2010-11-07,1276,81.73,56.67,104287.48,72310.92,31976.56,2010CUST888248336,Nov,NE20,Tunis,20,5447
272,Europe,Vatican City,Vegetables,Online,C,2014-04-28,778763139,2014-05-09,2173,154.06,90.93,334772.38,197590.89,137181.49,2014CUST778763139,Apr,AIO10,Vatican City,10,4173
273,Sub-Saharan Africa,Djibouti,Snacks,Offline,H,2012-12-22,832713305,2013-02-09,7227,152.58,97.44,1102695.66,704198.88,398496.78,2012CUST832713305,Dec,AND30,Djibouti,30,4665
274,Europe,Ukraine,Household,Offline,M,2014-08-25,498585164,2014-09-29,1285,668.27,502.54,858726.95,645763.9,212963.05,2014CUST498585164,Aug,BT20,Kyiv or Kiev,20,4054
275,Australia and Oceania,East Timor,Fruits,Offline,M,2016-11-26,195177543,2016-12-23,6227,9.33,6.92,58097.91,43090.84,15007.07,2016CUST195177543,Nov,GC20,Dili,20,3230
276,Sub-Saharan Africa,Uganda,Cereal,Online,C,2010-10-20,861601769,2010-12-02,5965,205.7,117.11,1227000.5,698561.15,528439.35,2010CUST861601769,Oct,ACC10,Kampala,10,5459
277,Sub-Saharan Africa,Guinea,Meat,Online,H,2014-12-18,807281672,2015-01-26,1441,421.89,364.69,607943.49,525518.29,82425.2,2014CUST807281672,Dec,EXTRA30,Conakry,30,3939
278,Sub-Saharan Africa,Equatorial Guinea,Clothes,Offline,H,2011-03-20,661953580,2011-04-24,5629,109.28,35.84,615137.12,201743.36,413393.76,2011CUST661953580,Mar,AIO30,Malabo,30,5308
279,Europe,Malta,Cosmetics,Online,M,2016-07-12,225666320,2016-08-21,8534,437.2,263.33,3731064.8,2247258.22,1483806.58,2016CUST225666320,Jul,HGEAR10,Valletta,10,3367
280,Europe,Cyprus,Household,Offline,L,2011-01-26,718781220,2011-02-19,2191,668.27,502.54,1464179.57,1101065.14,363114.43,2011CUST718781220,Jan,OFF10,Nicosia,10,5361
281,Europe,Czech Republic,Office Supplies,Online,L,2010-02-24,731972110,2010-04-15,5668,651.21,524.96,3691058.28,2975473.28,715585.0,2010CUST731972110,Feb,HOU20,Prague,20,5697
282,Middle East and North Africa,Libya,Vegetables,Online,C,2015-01-02,276225316,2015-02-09,64,154.06,90.93,9859.84,5819.52,4040.32,2015CUST276225316,Jan,HOU10,Tripoli,10,3924
283,Asia,Vietnam,Office Supplies,Offline,C,2016-07-26,332839667,2016-07-27,3509,651.21,524.96,2285095.89,1842084.64,443011.25,2016CUST332839667,Jul,OFF10,Hanoi,10,3353
284,Middle East and North Africa,Jordan,Vegetables,Online,C,2014-06-01,603426492,2014-06-15,6163,154.06,90.93,949471.78,560401.59,389070.19,2014CUST603426492,Jun,HGEAR30,Amman,30,4139
285,Sub-Saharan Africa,Mali,Beverages,Offline,H,2012-12-21,859909617,2013-01-29,5220,47.45,31.79,247689.0,165943.8,81745.2,2012CUST859909617,Dec,HGEAR30,Bamako,30,4666
286,Europe,Czech Republic,Household,Online,L,2010-02-27,494525372,2010-03-02,9902,668.27,502.54,6617209.54,4976151.08,1641058.46,2010CUST494525372,Feb,SALE20,Prague,20,5694
287,Europe,Slovakia,Vegetables,Online,M,2016-04-24,769822585,2016-05-15,6465,154.06,90.93,995997.9,587862.45,408135.45,2016CUST769822585,Apr,HOU10,Bratislava,10,3446
288,Sub-Saharan Africa,Zimbabwe,Vegetables,Offline,C,2012-07-22,768662583,2012-08-10,3195,154.06,90.93,492221.7,290521.35,201700.35,2012CUST768662583,Jul,NE10,Harare,10,4818
289,Central America and the Caribbean,Honduras,Cereal,Online,M,2015-02-22,544219195,2015-03-09,5409,205.7,117.11,1112631.3,633447.99,479183.31,2015CUST544219195,Feb,NOTES20,Tegucigalpa,20,3873
290,Europe,Switzerland,Beverages,Offline,L,2011-02-10,669978749,2011-03-20,455,47.45,31.79,21589.75,14464.45,7125.3,2011CUST669978749,Feb,BT20,Bern,20,5346
291,Sub-Saharan Africa,South Africa,Cosmetics,Offline,L,2015-01-21,889740073,2015-01-26,2715,437.2,263.33,1186998.0,714940.95,472057.05,2015CUST889740073,Jan,EXTRA10,"Pretoria, Bloemfontein, Cape Town",10,3905
292,Sub-Saharan Africa,Uganda,Beverages,Online,M,2012-05-10,567614495,2012-06-28,8598,47.45,31.79,407975.1,273330.42,134644.68,2012CUST567614495,May,SALE20,Kampala,20,4891
293,Middle East and North Africa,Iran,Vegetables,Offline,M,2015-12-16,938025844,2016-01-21,1547,154.06,90.93,238330.82,140668.71,97662.11,2015CUST938025844,Dec,AIO30,Tehran,30,3576
294,Middle East and North Africa,Algeria,Vegetables,Online,C,2017-02-25,155710446,2017-02-25,7036,154.06,90.93,1083966.16,639783.48,444182.68,2017CUST155710446,Feb,AIO20,Algiers,20,3139
295,Sub-Saharan Africa,Central African Republic,Baby Food,Online,L,2012-01-31,945717132,2012-02-13,7570,255.28,159.42,1932469.6,1206809.4,725660.2,2012CUST945717132,Jan,SALE10,Bangui,10,4991
296,Central America and the Caribbean,The Bahamas,Cosmetics,Offline,C,2013-02-07,253407227,2013-02-15,7685,437.2,263.33,3359882.0,2023691.05,1336190.95,2013CUST253407227,Feb,OFF20,Nassau,20,4618
297,Sub-Saharan Africa,South Africa,Household,Offline,H,2014-09-14,494454562,2014-09-22,8948,668.27,502.54,5979679.96,4496727.92,1482952.04,2014CUST494454562,Sep,OFF30,"Pretoria, Bloemfontein, Cape Town",30,4034
298,Sub-Saharan Africa,Benin,Cereal,Online,M,2012-06-05,104845464,2012-07-24,4957,205.7,117.11,1019654.9,580514.27,439140.63,2012CUST104845464,Jun,HGEAR30,Porto Novo,30,4865
299,Europe,Hungary,Cosmetics,Online,M,2014-04-05,290878760,2014-04-07,6344,437.2,263.33,2773596.8,1670565.52,1103031.28,2014CUST290878760,Apr,AIO10,Budapest,10,4196
300,Europe,Austria,Office Supplies,Offline,C,2014-02-02,979165780,2014-02-10,5768,651.21,524.96,3756179.28,3027969.28,728210.0,2014CUST979165780,Feb,BT20,Vienna,20,4258
301,Asia,Tajikistan,Office Supplies,Offline,C,2010-09-01,366630351,2010-10-12,2923,651.21,524.96,1903486.83,1534458.08,369028.75,2010CUST366630351,Sep,SALE30,Dushanbe,30,5508
302,Europe,Portugal,Office Supplies,Online,C,2011-05-17,770508801,2011-06-25,9532,651.21,524.96,6207333.72,5003918.72,1203415.0,2011CUST770508801,May,SALE20,Lisbon,20,5250
303,Europe,Belgium,Beverages,Offline,M,2013-04-21,978349959,2013-05-21,4349,47.45,31.79,206360.05,138254.71,68105.34,2013CUST978349959,Apr,WEMP10,Brussels,10,4545
304,Europe,Slovenia,Beverages,Offline,L,2014-08-10,298015153,2014-08-14,8161,47.45,31.79,387239.45,259438.19,127801.26,2014CUST298015153,Aug,OFF20,Ljubljana,20,4069
305,Europe,Czech Republic,Snacks,Online,M,2010-09-19,807678210,2010-10-30,8786,152.58,97.44,1340567.88,856107.84,484460.04,2010CUST807678210,Sep,OFF30,Prague,30,5490
306,Australia and Oceania,Marshall Islands,Personal Care,Offline,C,2013-04-13,605825459,2013-05-14,6071,81.73,56.67,496182.83,344043.57,152139.26,2013CUST605825459,Apr,NJ10,Majuro,10,4553
307,Sub-Saharan Africa,Sudan,Fruits,Online,C,2016-01-28,561255729,2016-02-01,6897,9.33,6.92,64349.01,47727.24,16621.77,2016CUST561255729,Jan,AIO10,Khartoum,10,3533
308,Central America and the Caribbean,Dominican Republic,Clothes,Online,H,2013-12-09,263080346,2013-12-14,175,109.28,35.84,19124.0,6272.0,12852.0,2013CUST263080346,Dec,ELEC30,Santo Domingo,30,4313
309,Sub-Saharan Africa,Tanzania,Cereal,Offline,C,2014-02-21,270723140,2014-03-09,1848,205.7,117.11,380133.6,216419.28,163714.32,2014CUST270723140,Feb,WEMP20,Dodoma,20,4239
310,Europe,Switzerland,Clothes,Offline,H,2017-06-09,763920438,2017-07-10,9888,109.28,35.84,1080560.64,354385.92,726174.72,2017CUST763920438,Jun,WEMP30,Bern,30,3035
311,North America,Greenland,Household,Online,L,2014-04-17,192721068,2014-05-20,9302,668.27,502.54,6216247.54,4674627.08,1541620.46,2014CUST192721068,Apr,HGEAR10,NONE,10,4184
312,Australia and Oceania,Tonga,Fruits,Offline,L,2011-05-20,227486360,2011-06-08,7124,9.33,6.92,66466.92,49298.08,17168.84,2011CUST227486360,May,BT20,Nuku'alofa,20,5247
313,Middle East and North Africa,Saudi Arabia,Vegetables,Online,M,2012-08-28,808890140,2012-09-22,7422,154.06,90.93,1143433.32,674882.46,468550.86,2012CUST808890140,Aug,AIO20,Riyadh,20,4781
314,Central America and the Caribbean,Belize,Cosmetics,Offline,C,2015-07-25,597918736,2015-09-11,6296,437.2,263.33,2752611.2,1657925.68,1094685.52,2015CUST597918736,Jul,NOTES10,Belmopan,10,3720
315,Sub-Saharan Africa,Angola,Cosmetics,Online,H,2014-10-27,125870978,2014-11-20,6874,437.2,263.33,3005312.8,1810130.42,1195182.38,2014CUST125870978,Oct,HGEAR10,Luanda,10,3991
316,Asia,Malaysia,Household,Online,H,2013-10-18,444358193,2013-10-21,4319,668.27,502.54,2886258.13,2170470.26,715787.87,2013CUST444358193,Oct,AND10,Kuala Lumpur,10,4365
317,Sub-Saharan Africa,Ethiopia,Beverages,Online,C,2013-02-15,875304210,2013-03-12,822,47.45,31.79,39003.9,26131.38,12872.52,2013CUST875304210,Feb,WEMP20,Addis Ababa,20,4610
318,North America,Greenland,Baby Food,Offline,C,2014-07-08,360945355,2014-08-16,607,255.28,159.42,154954.96,96767.94,58187.02,2014CUST360945355,Jul,NJ10,NONE,10,4102
319,Sub-Saharan Africa,Benin,Cereal,Offline,C,2016-12-12,613830459,2017-01-16,4928,205.7,117.11,1013689.6,577118.08,436571.52,2016CUST613830459,Dec,OFF30,Porto Novo,30,3214
320,Middle East and North Africa,Yemen,Cereal,Offline,H,2012-11-24,266820847,2012-12-10,7073,205.7,117.11,1454916.1,828319.03,626597.07,2012CUST266820847,Nov,WEMP20,Sana'a,20,4693
321,Sub-Saharan Africa,Rwanda,Baby Food,Offline,M,2014-11-03,723090350,2014-11-27,7358,255.28,159.42,1878350.24,1173012.36,705337.88,2014CUST723090350,Nov,EXTRA20,Kigali,20,3984
322,Sub-Saharan Africa,Mauritania,Meat,Offline,M,2013-08-03,306125295,2013-08-15,8132,421.89,364.69,3430809.48,2965659.08,465150.4,2013CUST306125295,Aug,AIO20,Nouakchott,20,4441
323,Australia and Oceania,New Zealand,Personal Care,Online,L,2012-05-23,109724509,2012-06-16,8775,81.73,56.67,717180.75,497279.25,219901.5,2012CUST109724509,May,HGEAR20,Wellington,20,4878
324,Australia and Oceania,Samoa ,Clothes,Offline,M,2015-07-22,847999322,2015-08-06,699,109.28,35.84,76386.72,25052.16,51334.56,2015CUST847999322,Jul,NJ10,Apia,10,3723
325,Australia and Oceania,Fiji,Clothes,Online,H,2017-02-01,605373561,2017-03-02,2344,109.28,35.84,256152.32,84008.96,172143.36,2017CUST605373561,Feb,HOU20,Suva,20,3163
326,Sub-Saharan Africa,Malawi,Beverages,Online,H,2012-01-28,686583554,2012-02-22,4186,47.45,31.79,198625.7,133072.94,65552.76,2012CUST686583554,Jan,NOTES10,Lilongwe,10,4994
327,Australia and Oceania,Marshall Islands,Beverages,Offline,M,2015-08-03,666678130,2015-09-21,3729,47.45,31.79,176941.05,118544.91,58396.14,2015CUST666678130,Aug,ELEC20,Majuro,20,3711
328,Central America and the Caribbean,Grenada,Baby Food,Online,M,2013-06-23,641018617,2013-06-30,508,255.28,159.42,129682.24,80985.36,48696.88,2013CUST641018617,Jun,HOU30,Saint George's,30,4482
329,Europe,Luxembourg,Meat,Online,C,2011-08-03,775278842,2011-09-22,1093,421.89,364.69,461125.77,398606.17,62519.6,2011CUST775278842,Aug,ELEC20,Luxembourg,20,5172
330,Sub-Saharan Africa,Zimbabwe,Meat,Offline,M,2016-10-30,855445134,2016-12-06,4080,421.89,364.69,1721311.2,1487935.2,233376.0,2016CUST855445134,Oct,ELEC10,Harare,10,3257
331,Asia,China,Vegetables,Online,H,2010-09-05,737816321,2010-09-21,5100,154.06,90.93,785706.0,463743.0,321963.0,2010CUST737816321,Sep,AIO30,Beijing,30,5504
332,North America,United States Of America,Beverages,Online,L,2013-07-13,799003732,2013-07-14,1815,47.45,31.79,86121.75,57698.85,28422.9,2013CUST799003732,Jul,NE10,Washington D.C.,10,4462
333,Sub-Saharan Africa,Central African Republic,Vegetables,Online,L,2012-10-09,585931193,2012-11-21,8916,154.06,90.93,1373598.96,810731.88,562867.08,2012CUST585931193,Oct,WEMP10,Bangui,10,4739
334,Central America and the Caribbean,Antigua And Barbuda ,Vegetables,Online,M,2012-01-03,165835034,2012-01-05,3127,154.06,90.93,481745.62,284338.11,197407.51,2012CUST165835034,Jan,EXTRA10,Saint John's,10,5019
335,Central America and the Caribbean,Guatemala,Baby Food,Offline,H,2012-02-08,576264083,2012-03-14,8203,255.28,159.42,2094061.84,1307722.26,786339.58,2012CUST576264083,Feb,WEMP20,Guatemala City,20,4983
336,Middle East and North Africa,Qatar,Clothes,Offline,L,2015-01-03,675079667,2015-01-07,9930,109.28,35.84,1085150.4,355891.2,729259.2,2015CUST675079667,Jan,SALE10,Doha,10,3923
337,Middle East and North Africa,Israel,Personal Care,Online,L,2012-05-13,290455615,2012-05-28,1126,81.73,56.67,92027.98,63810.42,28217.56,2012CUST290455615,May,NOTES20,Jerusalem (very limited international recognition),20,4888
338,Asia,Thailand,Snacks,Offline,L,2012-01-13,670878255,2012-02-15,6639,152.58,97.44,1012978.62,646904.16,366074.46,2012CUST670878255,Jan,OFF10,Bangkok,10,5009
339,Asia,Singapore,Cereal,Online,M,2011-07-30,435146415,2011-08-12,8349,205.7,117.11,1717389.3,977751.39,739637.91,2011CUST435146415,Jul,AND10,Singapore,10,5176
340,Asia,North Korea,Snacks,Online,C,2017-03-13,522371423,2017-04-08,167,152.58,97.44,25480.86,16272.48,9208.38,2017CUST522371423,Mar,SALE30,Pyongyang,30,3123
341,Europe,Austria,Office Supplies,Online,L,2017-03-23,141977107,2017-04-18,3036,651.21,524.96,1977073.56,1593778.56,383295.0,2017CUST141977107,Mar,HOU30,Vienna,30,3113
342,Asia,Japan,Baby Food,Offline,L,2016-03-16,823699796,2016-04-19,9929,255.28,159.42,2534675.12,1582881.18,951793.94,2016CUST823699796,Mar,WEMP30,Tokyo,30,3485
343,Sub-Saharan Africa,Zimbabwe,Beverages,Offline,L,2015-12-18,567588317,2015-12-26,851,47.45,31.79,40379.95,27053.29,13326.66,2015CUST567588317,Dec,GC30,Harare,30,3574
344,Europe,Lithuania,Fruits,Offline,H,2011-10-25,594003999,2011-11-16,7838,9.33,6.92,73128.54,54238.96,18889.58,2011CUST594003999,Oct,OFF10,Vilnius,10,5089
345,Europe,Luxembourg,Baby Food,Offline,H,2011-06-30,393620669,2011-08-02,9958,255.28,159.42,2542078.24,1587504.36,954573.88,2011CUST393620669,Jun,AND30,Luxembourg,30,5206
346,Sub-Saharan Africa,Central African Republic,Cosmetics,Offline,H,2016-03-27,877424657,2016-04-10,8309,437.2,263.33,3632694.8,2188008.97,1444685.83,2016CUST877424657,Mar,GC30,Bangui,30,3474
347,Europe,Norway,Household,Offline,M,2016-12-23,326714789,2017-01-21,1021,668.27,502.54,682303.67,513093.34,169210.33,2016CUST326714789,Dec,BT30,Oslo,30,3203
348,Sub-Saharan Africa,Democratic Republic Of The Congo,Fruits,Offline,M,2013-04-18,243102395,2013-04-18,8256,9.33,6.92,77028.48,57131.52,19896.96,2013CUST243102395,Apr,OFF10,Kinshasa,10,4548
349,Australia and Oceania,New Zealand,Household,Offline,L,2017-03-08,398511302,2017-04-20,7205,668.27,502.54,4814885.35,3620800.7,1194084.65,2017CUST398511302,Mar,HGEAR30,Wellington,30,3128
350,Europe,Ukraine,Personal Care,Offline,M,2011-06-03,185177838,2011-07-04,7092,81.73,56.67,579629.16,401903.64,177725.52,2011CUST185177838,Jun,SALE30,Kyiv or Kiev,30,5233
351,Asia,Taiwan,Personal Care,Offline,H,2013-11-30,865650832,2013-12-31,4173,81.73,56.67,341059.29,236483.91,104575.38,2013CUST865650832,Nov,NCA20,Taipei,20,4322
352,Europe,Italy,Cereal,Offline,C,2013-05-11,622791612,2013-05-31,6733,205.7,117.11,1384978.1,788501.63,596476.47,2013CUST622791612,May,EXTRA20,Rome,20,4525
353,Europe,Finland,Personal Care,Online,L,2010-11-13,409774005,2010-11-27,89,81.73,56.67,7273.97,5043.63,2230.34,2010CUST409774005,Nov,BT20,Helsinki,20,5435
354,Sub-Saharan Africa,Sudan,Office Supplies,Online,H,2016-03-09,800084340,2016-04-21,1591,651.21,524.96,1036075.11,835211.36,200863.75,2016CUST800084340,Mar,NJ30,Khartoum,30,3492
355,Europe,Croatia,Snacks,Offline,M,2013-08-19,637521445,2013-09-12,5618,152.58,97.44,857194.44,547417.92,309776.52,2013CUST637521445,Aug,AND20,Zagreb,20,4425
356,Sub-Saharan Africa,Mauritania,Beverages,Online,L,2011-04-19,186196649,2011-05-28,8581,47.45,31.79,407168.45,272789.99,134378.46,2011CUST186196649,Apr,NJ10,Nouakchott,10,5278
357,Australia and Oceania,New Zealand,Baby Food,Offline,L,2014-07-20,680533778,2014-07-25,3923,255.28,159.42,1001463.44,625404.66,376058.78,2014CUST680533778,Jul,NOTES10,Wellington,10,4090
358,Middle East and North Africa,Pakistan,Beverages,Online,L,2014-09-08,275269162,2014-09-15,7117,47.45,31.79,337701.65,226249.43,111452.22,2014CUST275269162,Sep,EXTRA30,Islamabad,30,4040
359,Europe,Poland,Household,Online,C,2015-06-04,795451629,2015-06-19,668,668.27,502.54,446404.36,335696.72,110707.64,2015CUST795451629,Jun,BT30,Warsaw,30,3771
360,Europe,Lithuania,Cereal,Offline,M,2013-12-19,986442506,2014-01-01,9113,205.7,117.11,1874544.1,1067223.43,807320.67,2013CUST986442506,Dec,ELEC30,Vilnius,30,4303
361,Middle East and North Africa,Pakistan,Cereal,Offline,M,2012-05-18,563915622,2012-06-10,4019,205.7,117.11,826708.3,470665.09,356043.21,2012CUST563915622,May,WEMP20,Islamabad,20,4883
362,Australia and Oceania,East Timor,Cosmetics,Offline,C,2013-10-12,663857305,2013-11-13,8984,437.2,263.33,3927804.8,2365756.72,1562048.08,2013CUST663857305,Oct,EXTRA10,Dili,10,4371
363,Australia and Oceania,Marshall Islands,Fruits,Online,L,2011-01-02,692566382,2011-01-14,4638,9.33,6.92,43272.54,32094.96,11177.58,2011CUST692566382,Jan,ACC10,Majuro,10,5385
364,Central America and the Caribbean,Cuba,Household,Offline,L,2013-02-02,576654183,2013-02-03,3642,668.27,502.54,2433839.34,1830250.68,603588.66,2013CUST576654183,Feb,HGEAR20,Havana,20,4623
365,North America,Greenland,Baby Food,Offline,H,2011-03-19,313044536,2011-04-14,5689,255.28,159.42,1452287.92,906940.38,545347.54,2011CUST313044536,Mar,HGEAR30,NONE,30,5309
366,Europe,Luxembourg,Personal Care,Offline,C,2012-10-03,418973767,2012-10-27,2503,81.73,56.67,204570.19,141845.01,62725.18,2012CUST418973767,Oct,HOU10,Luxembourg,10,4745
367,Middle East and North Africa,Israel,Beverages,Online,C,2014-10-23,581990706,2014-11-15,2838,47.45,31.79,134663.1,90220.02,44443.08,2014CUST581990706,Oct,EXTRA10,Jerusalem (very limited international recognition),10,3995
368,Sub-Saharan Africa,Djibouti,Baby Food,Online,H,2015-07-12,109956681,2015-07-24,7480,255.28,159.42,1909494.4,1192461.6,717032.8,2015CUST109956681,Jul,ACC10,Djibouti,10,3733
369,Europe,Bulgaria,Cereal,Online,L,2010-05-06,181045520,2010-05-27,4247,205.7,117.11,873607.9,497366.17,376241.73,2010CUST181045520,May,HOU20,Sofia,20,5626
370,Asia,Mongolia,Vegetables,Online,C,2010-11-27,693743550,2011-01-09,2988,154.06,90.93,460331.28,271698.84,188632.44,2010CUST693743550,Nov,ELEC20,Ulaanbaatar,20,5421
371,Central America and the Caribbean,Dominican Republic,Clothes,Offline,L,2010-12-26,716849601,2010-12-31,582,109.28,35.84,63600.96,20858.88,42742.08,2010CUST716849601,Dec,NOTES30,Santo Domingo,30,5392
372,Middle East and North Africa,Yemen,Cosmetics,Online,L,2012-12-30,739474999,2013-01-01,5940,437.2,263.33,2596968.0,1564180.2,1032787.8,2012CUST739474999,Dec,WEMP30,Sana'a,30,4657
373,Australia and Oceania,Federated States Of Micronesia,Personal Care,Online,M,2016-08-21,421043574,2016-09-07,5005,81.73,56.67,409058.65,283633.35,125425.3,2016CUST421043574,Aug,NOTES20,NONE,20,3327
374,Europe,Finland,Personal Care,Online,M,2015-02-03,841291654,2015-03-20,5751,81.73,56.67,470029.23,325909.17,144120.06,2015CUST841291654,Feb,WEMP20,Helsinki,20,3892
375,Central America and the Caribbean,The Bahamas,Cereal,Offline,L,2013-12-19,450268065,2014-01-04,3181,205.7,117.11,654331.7,372526.91,281804.79,2013CUST450268065,Dec,HGEAR30,Nassau,30,4303
376,Central America and the Caribbean,Grenada,Meat,Online,L,2012-05-12,918334138,2012-06-12,4334,421.89,364.69,1828471.26,1580566.46,247904.8,2012CUST918334138,May,WEMP20,Saint George's,20,4889
377,Sub-Saharan Africa,Sao Tome And Principe,Meat,Offline,M,2014-03-28,386163699,2014-04-19,3275,421.89,364.69,1381689.75,1194359.75,187330.0,2014CUST386163699,Mar,HOU30,Sao Tome,30,4204
378,Central America and the Caribbean,El Salvador,Personal Care,Offline,C,2017-01-11,214743077,2017-02-18,6103,81.73,56.67,498798.19,345857.01,152941.18,2017CUST214743077,Jan,NE10,San Salvador,10,3184
379,Europe,Sweden,Baby Food,Online,M,2015-06-21,935371100,2015-07-06,5949,255.28,159.42,1518660.72,948389.58,570271.14,2015CUST935371100,Jun,HOU30,Stockholm,30,3754
380,Asia,Turkmenistan,Cosmetics,Offline,H,2012-11-29,899659097,2012-12-03,7974,437.2,263.33,3486232.8,2099793.42,1386439.38,2012CUST899659097,Nov,WEMP20,Ashgabat,20,4688
381,Europe,Monaco,Vegetables,Online,H,2010-01-01,329530894,2010-02-13,4369,154.06,90.93,673088.14,397273.17,275814.97,2010CUST329530894,Jan,GC10,Monaco,10,5751
382,Middle East and North Africa,Turkey,Meat,Online,H,2016-01-06,867222821,2016-02-06,9359,421.89,364.69,3948468.51,3413133.71,535334.8,2016CUST867222821,Jan,OFF10,Ankara,10,3555
383,Sub-Saharan Africa,Mozambique,Beverages,Online,M,2014-10-14,625283706,2014-10-23,4199,47.45,31.79,199242.55,133486.21,65756.34,2014CUST625283706,Oct,OFF10,Maputo,10,4004
384,Middle East and North Africa,Yemen,Office Supplies,Offline,C,2013-12-09,936574876,2014-01-09,2173,651.21,524.96,1415079.33,1140738.08,274341.25,2013CUST936574876,Dec,ELEC30,Sana'a,30,4313
385,Asia,Philippines,Cereal,Offline,M,2010-10-19,504270160,2010-11-25,3601,205.7,117.11,740725.7,421713.11,319012.59,2010CUST504270160,Oct,WEMP10,Manila,10,5460
386,Sub-Saharan Africa,Democratic Republic Of The Congo,Personal Care,Offline,M,2011-05-02,351855885,2011-06-02,830,81.73,56.67,67835.9,47036.1,20799.8,2011CUST351855885,May,HGEAR20,Kinshasa,20,5265
387,Australia and Oceania,Fiji,Snacks,Online,H,2011-03-17,673130881,2011-03-23,3241,152.58,97.44,494511.78,315803.04,178708.74,2011CUST673130881,Mar,NCA30,Suva,30,5311
388,Europe,Macedonia,Office Supplies,Offline,H,2014-09-24,382206475,2014-10-13,2244,651.21,524.96,1461315.24,1178010.24,283305.0,2014CUST382206475,Sep,OFF30,Skopje,30,4024
389,Middle East and North Africa,Tunisia ,Cereal,Online,H,2015-12-01,263506495,2015-12-14,6283,205.7,117.11,1292413.1,735802.13,556610.97,2015CUST263506495,Dec,NOTES30,Tunis,30,3591
390,Europe,Liechtenstein,Cereal,Offline,L,2017-06-02,721767270,2017-07-18,5829,205.7,117.11,1199025.3,682634.19,516391.11,2017CUST721767270,Jun,NE30,Vaduz,30,3042
391,Middle East and North Africa,Qatar,Cosmetics,Online,M,2011-08-04,432037627,2011-08-18,8390,437.2,263.33,3668108.0,2209338.7,1458769.3,2011CUST432037627,Aug,ELEC20,Doha,20,5171
392,Australia and Oceania,Tonga,Meat,Offline,C,2014-07-29,389678895,2014-08-24,3499,421.89,364.69,1476193.11,1276050.31,200142.8,2014CUST389678895,Jul,BT10,Nuku'alofa,10,4081
393,Europe,Belgium,Meat,Online,L,2017-01-26,760364902,2017-02-24,7726,421.89,364.69,3259522.14,2817594.94,441927.2,2017CUST760364902,Jan,BT10,Brussels,10,3169
394,Sub-Saharan Africa,Chad,Fruits,Offline,C,2010-11-05,430081975,2010-12-09,9669,9.33,6.92,90211.77,66909.48,23302.29,2010CUST430081975,Nov,ELEC20,N'Djamena,20,5443
395,Asia,Thailand,Baby Food,Online,H,2015-03-26,155128943,2015-05-05,4957,255.28,159.42,1265422.96,790244.94,475178.02,2015CUST155128943,Mar,AIO30,Bangkok,30,3841
396,Europe,Iceland,Clothes,Offline,H,2012-10-07,312117135,2012-10-16,1251,109.28,35.84,136709.28,44835.84,91873.44,2012CUST312117135,Oct,NOTES10,Reykjavik,10,4741
397,Central America and the Caribbean,Saint Lucia,Meat,Offline,L,2013-07-22,447970378,2013-09-02,3245,421.89,364.69,1369033.05,1183419.05,185614.0,2013CUST447970378,Jul,BT10,Castries,10,4453
398,Asia,Japan,Cosmetics,Offline,C,2013-08-16,629925000,2013-08-18,7661,437.2,263.33,3349389.2,2017371.13,1332018.07,2013CUST629925000,Aug,NCA20,Tokyo,20,4428
399,Asia,India,Personal Care,Offline,L,2013-11-05,995529830,2013-12-17,8254,81.73,56.67,674599.42,467754.18,206845.24,2013CUST995529830,Nov,ELEC20,New Delhi,20,4347
400,Australia and Oceania,Vanuatu,Office Supplies,Online,L,2016-03-01,402646195,2016-03-28,812,651.21,524.96,528782.52,426267.52,102515.0,2016CUST402646195,Mar,NOTES30,Port Vila,30,3500
401,Sub-Saharan Africa,Chad,Meat,Offline,M,2012-03-25,479447925,2012-04-04,8150,421.89,364.69,3438403.5,2972223.5,466180.0,2012CUST479447925,Mar,EXTRA30,N'Djamena,30,4937
402,Sub-Saharan Africa,Malawi,Cosmetics,Offline,H,2017-06-20,674421346,2017-06-29,5118,437.2,263.33,2237589.6,1347722.94,889866.66,2017CUST674421346,Jun,GC30,Lilongwe,30,3024
403,Europe,Finland,Cosmetics,Online,L,2014-04-18,506365287,2014-05-16,3596,437.2,263.33,1572171.2,946934.68,625236.52,2014CUST506365287,Apr,NOTES10,Helsinki,10,4183
404,Middle East and North Africa,Turkey,Clothes,Online,C,2016-06-28,914391076,2016-08-04,7494,109.28,35.84,818944.32,268584.96,550359.36,2016CUST914391076,Jun,NE30,Ankara,30,3381
405,Sub-Saharan Africa,South Africa,Meat,Online,L,2012-05-20,207922542,2012-07-01,7755,421.89,364.69,3271756.95,2828170.95,443586.0,2012CUST207922542,May,NOTES20,"Pretoria, Bloemfontein, Cape Town",20,4881
406,Europe,Lithuania,Office Supplies,Offline,M,2014-02-04,816696012,2014-02-16,7353,651.21,524.96,4788347.13,3860030.88,928316.25,2014CUST816696012,Feb,WEMP20,Vilnius,20,4256
407,Europe,Russia,Beverages,Offline,L,2015-11-15,740760314,2015-11-21,6293,47.45,31.79,298602.85,200054.47,98548.38,2015CUST740760314,Nov,HOU20,Moscow,20,3607
408,Central America and the Caribbean,The Bahamas,Baby Food,Online,C,2013-01-11,300476777,2013-02-28,6610,255.28,159.42,1687400.8,1053766.2,633634.6,2013CUST300476777,Jan,BT10,Nassau,10,4645
409,Central America and the Caribbean,The Bahamas,Snacks,Online,L,2013-04-24,786519229,2013-06-07,7373,152.58,97.44,1124972.34,718425.12,406547.22,2013CUST786519229,Apr,HGEAR10,Nassau,10,4542
410,Middle East and North Africa,Turkey,Cosmetics,Offline,C,2010-05-15,409873998,2010-06-03,9679,437.2,263.33,4231658.8,2548771.07,1682887.73,2010CUST409873998,May,SALE20,Ankara,20,5617
411,Sub-Saharan Africa,Mauritius ,Cosmetics,Offline,H,2010-04-17,151839911,2010-05-22,1659,437.2,263.33,725314.8,436864.47,288450.33,2010CUST151839911,Apr,GC10,Port Louis,10,5645
412,Europe,Bulgaria,Vegetables,Online,H,2012-08-25,614028298,2012-09-09,3473,154.06,90.93,535050.38,315799.89,219250.49,2012CUST614028298,Aug,SALE20,Sofia,20,4784
413,Middle East and North Africa,Iran,Household,Offline,L,2014-04-19,668362987,2014-05-13,2315,668.27,502.54,1547045.05,1163380.1,383664.95,2014CUST668362987,Apr,AND10,Tehran,10,4182
414,Sub-Saharan Africa,Ghana,Household,Online,M,2013-02-26,607080304,2013-04-05,7408,668.27,502.54,4950544.16,3722816.32,1227727.84,2013CUST607080304,Feb,ACC20,Accra,20,4599
415,Sub-Saharan Africa,Malawi,Baby Food,Online,M,2011-12-28,792729079,2012-01-17,5006,255.28,159.42,1277931.68,798056.52,479875.16,2011CUST792729079,Dec,NCA30,Lilongwe,30,5025
416,Sub-Saharan Africa,Zimbabwe,Baby Food,Offline,M,2014-08-21,308170640,2014-10-10,3395,255.28,159.42,866675.6,541230.9,325444.7,2014CUST308170640,Aug,BT20,Harare,20,4058
417,Asia,Tajikistan,Vegetables,Online,H,2014-08-21,106578814,2014-10-02,7894,154.06,90.93,1216149.64,717801.42,498348.22,2014CUST106578814,Aug,WEMP20,Dushanbe,20,4058
418,Europe,Czech Republic,Cereal,Online,H,2014-03-02,761439931,2014-03-28,5851,205.7,117.11,1203550.7,685210.61,518340.09,2014CUST761439931,Mar,OFF30,Prague,30,4230
419,Sub-Saharan Africa,Mauritius ,Household,Online,L,2012-09-06,216552817,2012-09-27,1646,668.27,502.54,1099972.42,827180.84,272791.58,2012CUST216552817,Sep,WEMP30,Port Louis,30,4772
420,Sub-Saharan Africa,Lesotho,Fruits,Online,H,2010-09-16,536028802,2010-09-22,1689,9.33,6.92,15758.37,11687.88,4070.49,2010CUST536028802,Sep,ELEC30,Maseru,30,5493
421,Sub-Saharan Africa,Mali,Beverages,Online,L,2013-08-13,254291713,2013-08-15,9424,47.45,31.79,447168.8,299588.96,147579.84,2013CUST254291713,Aug,BT20,Bamako,20,4431
422,Europe,Georgia,Personal Care,Online,C,2012-09-11,226077878,2012-10-23,323,81.73,56.67,26398.79,18304.41,8094.38,2012CUST226077878,Sep,HGEAR30,Tbilisi,30,4767
423,Europe,Albania,Office Supplies,Offline,M,2011-08-31,476436126,2011-10-15,6892,651.21,524.96,4488139.32,3618024.32,870115.0,2011CUST476436126,Aug,OFF20,Tirana (Tirane),20,5144
424,Europe,Cyprus,Cosmetics,Offline,L,2015-04-21,650727784,2015-06-06,3667,437.2,263.33,1603212.4,965631.11,637581.29,2015CUST650727784,Apr,NJ10,Nicosia,10,3815
425,Central America and the Caribbean,Saint Kitts And Nevis ,Household,Offline,C,2010-07-11,464626681,2010-07-27,2215,668.27,502.54,1480218.05,1113126.1,367091.95,2010CUST464626681,Jul,EXTRA10,Basseterre,10,5560
426,Middle East and North Africa,Tunisia ,Meat,Offline,C,2015-08-09,154119145,2015-09-21,6135,421.89,364.69,2588295.15,2237373.15,350922.0,2015CUST154119145,Aug,HOU20,Tunis,20,3705
427,Central America and the Caribbean,Cuba,Meat,Online,M,2015-10-17,925504004,2015-12-06,6057,421.89,364.69,2555387.73,2208927.33,346460.4,2015CUST925504004,Oct,NOTES10,Havana,10,3636
428,Australia and Oceania,Kiribati,Cereal,Offline,L,2012-07-24,905392587,2012-08-16,4641,205.7,117.11,954653.7,543507.51,411146.19,2012CUST905392587,Jul,NCA10,Tarawa Atoll,10,4816
429,Asia,Cambodia,Snacks,Online,C,2012-03-25,990708720,2012-05-04,1581,152.58,97.44,241228.98,154052.64,87176.34,2012CUST990708720,Mar,EXTRA30,Phnom Penh,30,4937
430,Europe,Moldova ,Baby Food,Online,M,2014-08-11,798688733,2014-09-18,8600,255.28,159.42,2195408.0,1371012.0,824396.0,2014CUST798688733,Aug,AND20,Chisinau,20,4068
431,Asia,Uzbekistan,Cereal,Offline,C,2016-10-15,916881453,2016-11-28,4452,205.7,117.11,915776.4,521373.72,394402.68,2016CUST916881453,Oct,GC10,Tashkent,10,3272
432,Asia,India,Cosmetics,Offline,L,2016-12-03,653148210,2017-01-21,9924,437.2,263.33,4338772.8,2613286.92,1725485.88,2016CUST653148210,Dec,AND30,New Delhi,30,3223
433,Europe,Germany,Personal Care,Offline,C,2010-06-12,285662829,2010-07-13,2834,81.73,56.67,231622.82,160602.78,71020.04,2010CUST285662829,Jun,OFF30,Berlin,30,5589
434,Europe,Austria,Vegetables,Online,C,2016-07-29,612911641,2016-08-31,3030,154.06,90.93,466801.8,275517.9,191283.9,2016CUST612911641,Jul,NOTES10,Vienna,10,3350
435,Europe,Germany,Office Supplies,Offline,L,2013-12-09,703693473,2014-01-12,7391,651.21,524.96,4813093.11,3879979.36,933113.75,2013CUST703693473,Dec,NOTES30,Berlin,30,4313
436,Asia,Bhutan,Clothes,Online,M,2012-07-12,147119653,2012-08-09,4829,109.28,35.84,527713.12,173071.36,354641.76,2012CUST147119653,Jul,NCA10,Thimphu,10,4828
437,Asia,Kyrgyzstan,Fruits,Online,C,2012-01-14,402614009,2012-03-02,1287,9.33,6.92,12007.71,8906.04,3101.67,2012CUST402614009,Jan,OFF10,Bishkek,10,5008
438,Middle East and North Africa,Somalia,Personal Care,Online,C,2013-03-20,749912869,2013-04-25,4738,81.73,56.67,387236.74,268502.46,118734.28,2013CUST749912869,Mar,AIO30,Mogadishu,30,4577
439,Central America and the Caribbean,Saint Lucia,Household,Online,H,2014-02-10,539065062,2014-03-10,186,668.27,502.54,124298.22,93472.44,30825.78,2014CUST539065062,Feb,AND20,Castries,20,4250
440,Europe,Armenia,Snacks,Offline,H,2013-10-26,540431916,2013-11-15,4668,152.58,97.44,712243.44,454849.92,257393.52,2013CUST540431916,Oct,BT10,Yerevan,10,4357
441,North America,Canada,Beverages,Online,C,2016-04-16,694687259,2016-06-02,2252,47.45,31.79,106857.4,71591.08,35266.32,2016CUST694687259,Apr,WEMP10,Ottawa,10,3454
442,Sub-Saharan Africa,Burundi,Cosmetics,Offline,H,2011-05-27,562817418,2011-06-02,9036,437.2,263.33,3950539.2,2379449.88,1571089.32,2011CUST562817418,May,HGEAR20,Gitega,20,5240
443,Europe,Liechtenstein,Cereal,Online,L,2016-08-04,676121222,2016-09-09,8149,205.7,117.11,1676249.3,954329.39,721919.91,2016CUST676121222,Aug,GC20,Vaduz,20,3344
444,Middle East and North Africa,Tunisia ,Snacks,Offline,L,2012-07-03,286210000,2012-08-05,4754,152.58,97.44,725365.32,463229.76,262135.56,2012CUST286210000,Jul,AIO10,Tunis,10,4837
445,Middle East and North Africa,Iraq,Beverages,Online,L,2014-12-04,515007579,2015-01-11,1042,47.45,31.79,49442.9,33125.18,16317.72,2014CUST515007579,Dec,BT30,Baghdad,30,3953
446,Asia,Indonesia,Cosmetics,Offline,C,2010-05-31,304750287,2010-06-01,1237,437.2,263.33,540816.4,325739.21,215077.19,2010CUST304750287,May,EXTRA20,Jakarta,20,5601
447,Asia,Kazakhstan,Beverages,Online,H,2013-02-05,467986953,2013-02-17,6594,47.45,31.79,312885.3,209623.26,103262.04,2013CUST467986953,Feb,ACC20,Astana,20,4620
448,Europe,Denmark,Beverages,Offline,C,2015-06-15,537578904,2015-07-09,399,47.45,31.79,18932.55,12684.21,6248.34,2015CUST537578904,Jun,HGEAR30,Copenhagen,30,3760
449,Europe,Luxembourg,Vegetables,Offline,L,2014-10-21,116699969,2014-11-18,2969,154.06,90.93,457404.14,269971.17,187432.97,2014CUST116699969,Oct,HOU10,Luxembourg,10,3997
450,Sub-Saharan Africa,Cape Verde,Snacks,Offline,C,2017-02-13,228836476,2017-03-13,6653,152.58,97.44,1015114.74,648268.32,366846.42,2017CUST228836476,Feb,HOU20,Praia,20,3151
451,Australia and Oceania,Palau,Vegetables,Offline,C,2010-06-29,167787253,2010-07-16,832,154.06,90.93,128177.92,75653.76,52524.16,2010CUST167787253,Jun,NJ30,Melekeok,30,5572
452,Australia and Oceania,Australia,Vegetables,Online,M,2014-05-19,647663629,2014-05-20,6915,154.06,90.93,1065324.9,628780.95,436543.95,2014CUST647663629,May,AND20,Canberra,20,4152
453,Central America and the Caribbean,Nicaragua,Meat,Offline,L,2015-03-21,652889430,2015-04-15,3346,421.89,364.69,1411643.94,1220252.74,191391.2,2015CUST652889430,Mar,NE30,Managua,30,3846
454,Asia,Laos,Office Supplies,Offline,M,2015-08-31,588200986,2015-10-15,598,651.21,524.96,389423.58,313926.08,75497.5,2015CUST588200986,Aug,NCA20,Vientiane,20,3683
455,Central America and the Caribbean,Cuba,Personal Care,Online,L,2015-08-23,928647124,2015-08-30,6176,81.73,56.67,504764.48,349993.92,154770.56,2015CUST928647124,Aug,EXTRA20,Havana,20,3691
456,Europe,Moldova ,Cosmetics,Offline,L,2016-02-24,869589173,2016-03-17,9615,437.2,263.33,4203678.0,2531917.95,1671760.05,2016CUST869589173,Feb,ACC20,Chisinau,20,3506
457,Middle East and North Africa,Syria,Household,Online,C,2015-06-17,576700961,2015-07-23,7485,668.27,502.54,5002000.95,3761511.9,1240489.05,2015CUST576700961,Jun,ELEC30,Damascus,30,3758
458,Central America and the Caribbean,The Bahamas,Cereal,Offline,M,2012-11-27,735968816,2012-12-06,8382,205.7,117.11,1724177.4,981616.02,742561.38,2012CUST735968816,Nov,NOTES20,Nassau,20,4690
459,Europe,Belarus,Snacks,Offline,M,2012-09-07,303691565,2012-10-19,7938,152.58,97.44,1211180.04,773478.72,437701.32,2012CUST303691565,Sep,NE30,Minsk,30,4771
460,Middle East and North Africa,United Arab Emirates,Clothes,Offline,C,2012-06-23,556480538,2012-08-07,3812,109.28,35.84,416575.36,136622.08,279953.28,2012CUST556480538,Jun,NE30,Abu Dhabi,30,4847
461,Sub-Saharan Africa,Angola,Beverages,Offline,H,2014-10-23,141259562,2014-11-11,698,47.45,31.79,33120.1,22189.42,10930.68,2014CUST141259562,Oct,NE10,Luanda,10,3995
462,Central America and the Caribbean,Cuba,Cosmetics,Offline,C,2015-09-18,925264966,2015-10-18,5320,437.2,263.33,2325904.0,1400915.6,924988.4,2015CUST925264966,Sep,NE30,Havana,30,3665
463,Europe,Ukraine,Office Supplies,Online,H,2016-01-24,346045577,2016-02-20,1431,651.21,524.96,931881.51,751217.76,180663.75,2016CUST346045577,Jan,AIO10,Kyiv or Kiev,10,3537
464,Sub-Saharan Africa,Mozambique,Fruits,Offline,H,2010-03-23,861462724,2010-04-19,4818,9.33,6.92,44951.94,33340.56,11611.38,2010CUST861462724,Mar,BT30,Maputo,30,5670
465,Europe,Armenia,Personal Care,Online,M,2012-07-26,499690234,2012-08-28,8299,81.73,56.67,678277.27,470304.33,207972.94,2012CUST499690234,Jul,AND10,Yerevan,10,4814
466,North America,Greenland,Clothes,Online,H,2015-10-20,509214437,2015-11-02,6722,109.28,35.84,734580.16,240916.48,493663.68,2015CUST509214437,Oct,EXTRA10,NONE,10,3633
467,Central America and the Caribbean,Saint Kitts And Nevis ,Office Supplies,Online,M,2017-06-27,408834159,2017-07-18,1968,651.21,524.96,1281581.28,1033121.28,248460.0,2017CUST408834159,Jun,EXTRA30,Basseterre,30,3017
468,Europe,Vatican City,Beverages,Offline,M,2016-04-04,237660729,2016-04-30,7946,47.45,31.79,377037.7,252603.34,124434.36,2016CUST237660729,Apr,OFF10,Vatican City,10,3466
469,Europe,Ukraine,Clothes,Online,C,2015-08-05,105117976,2015-09-09,5600,109.28,35.84,611968.0,200704.0,411264.0,2015CUST105117976,Aug,NOTES20,Kyiv or Kiev,20,3709
470,Sub-Saharan Africa,Niger,Cereal,Offline,L,2012-06-16,640942227,2012-07-04,7903,205.7,117.11,1625647.1,925520.33,700126.77,2012CUST640942227,Jun,NCA30,Niamey,30,4854
471,Asia,Myanmar,Cosmetics,Online,L,2016-04-03,745182311,2016-05-05,4860,437.2,263.33,2124792.0,1279783.8,845008.2,2016CUST745182311,Apr,BT10,Nay Pyi Taw,10,3467
472,Sub-Saharan Africa,Guinea,Baby Food,Offline,C,2014-09-21,738199555,2014-09-21,8508,255.28,159.42,2171922.24,1356345.36,815576.88,2014CUST738199555,Sep,WEMP30,Conakry,30,4027
473,Sub-Saharan Africa,Guinea-Bissau,Snacks,Online,L,2015-08-08,110667788,2015-09-10,7913,152.58,97.44,1207365.54,771042.72,436322.82,2015CUST110667788,Aug,NE20,Bissau,20,3706
474,Sub-Saharan Africa,South Sudan,Office Supplies,Online,C,2012-07-19,673573338,2012-07-20,4174,651.21,524.96,2718150.54,2191183.04,526967.5,2012CUST673573338,Jul,EXTRA10,Juba,10,4821
475,Middle East and North Africa,Turkey,Snacks,Offline,H,2011-08-26,708215034,2011-09-13,5421,152.58,97.44,827136.18,528222.24,298913.94,2011CUST708215034,Aug,HGEAR20,Ankara,20,5149
476,Australia and Oceania,Palau,Household,Online,M,2012-06-23,816204202,2012-07-01,1816,668.27,502.54,1213578.32,912612.64,300965.68,2012CUST816204202,Jun,OFF30,Melekeok,30,4847
477,Europe,Poland,Beverages,Offline,L,2011-11-20,769464671,2011-12-24,550,47.45,31.79,26097.5,17484.5,8613.0,2011CUST769464671,Nov,WEMP20,Warsaw,20,5063
478,Asia,Malaysia,Beverages,Offline,L,2015-05-13,860232770,2015-06-04,848,47.45,31.79,40237.6,26957.92,13279.68,2015CUST860232770,May,NE20,Kuala Lumpur,20,3793
479,North America,United States Of America,Personal Care,Offline,C,2010-07-16,551057326,2010-08-22,8963,81.73,56.67,732545.99,507933.21,224612.78,2010CUST551057326,Jul,NE10,Washington D.C.,10,5555
480,Europe,Switzerland,Cosmetics,Online,C,2016-05-21,724799668,2016-05-27,3183,437.2,263.33,1391607.6,838179.39,553428.21,2016CUST724799668,May,GC20,Bern,20,3419
481,Australia and Oceania,Papua New Guinea,Cosmetics,Offline,H,2011-04-22,534633624,2011-06-08,8825,437.2,263.33,3858290.0,2323887.25,1534402.75,2011CUST534633624,Apr,AND10,Port Moresby,10,5275
482,Sub-Saharan Africa,Namibia,Beverages,Offline,H,2012-08-14,554045522,2012-09-20,3237,47.45,31.79,153595.65,102904.23,50691.42,2012CUST554045522,Aug,HOU20,Windhoek,20,4795
483,Europe,Ireland,Clothes,Online,C,2012-03-17,526834189,2012-05-02,799,109.28,35.84,87314.72,28636.16,58678.56,2012CUST526834189,Mar,WEMP30,Dublin,30,4945
484,Sub-Saharan Africa,Mozambique,Household,Online,C,2010-08-06,717110955,2010-08-09,7922,668.27,502.54,5294034.94,3981121.88,1312913.06,2010CUST717110955,Aug,ACC20,Maputo,20,5534
485,Sub-Saharan Africa,Democratic Republic Of The Congo,Baby Food,Offline,L,2013-02-25,559299647,2013-03-26,8049,255.28,159.42,2054748.72,1283171.58,771577.14,2013CUST559299647,Feb,HGEAR20,Kinshasa,20,4600
486,North America,United States Of America,Meat,Online,M,2011-03-06,908136594,2011-03-10,6654,421.89,364.69,2807256.06,2426647.26,380608.8,2011CUST908136594,Mar,NCA30,Washington D.C.,30,5322
487,Middle East and North Africa,Azerbaijan,Office Supplies,Offline,M,2015-12-14,888670623,2015-12-16,6240,651.21,524.96,4063550.4,3275750.4,787800.0,2015CUST888670623,Dec,NCA30,Baku,30,3578
488,Europe,Belgium,Office Supplies,Offline,C,2017-02-10,146263062,2017-02-16,1345,651.21,524.96,875877.45,706071.2,169806.25,2017CUST146263062,Feb,ACC20,Brussels,20,3154
489,Asia,Taiwan,Office Supplies,Offline,L,2016-09-20,196587741,2016-10-28,3536,651.21,524.96,2302678.56,1856258.56,446420.0,2016CUST196587741,Sep,AND30,Taipei,30,3297
490,Central America and the Caribbean,Panama,Baby Food,Online,M,2010-04-30,375630986,2010-06-02,6411,255.28,159.42,1636600.08,1022041.62,614558.46,2010CUST375630986,Apr,GC10,Panama City,10,5632
491,Europe,Andorra,Beverages,Offline,H,2013-06-25,989691627,2013-07-10,600,47.45,31.79,28470.0,19074.0,9396.0,2013CUST989691627,Jun,NCA30,Andorra la Vella,30,4480
492,Europe,Georgia,Household,Offline,H,2012-07-04,165380990,2012-07-27,8765,668.27,502.54,5857386.55,4404763.1,1452623.45,2012CUST165380990,Jul,WEMP10,Tbilisi,10,4836
493,Central America and the Caribbean,Barbados,Snacks,Online,C,2013-09-21,599622905,2013-10-22,597,152.58,97.44,91090.26,58171.68,32918.58,2013CUST599622905,Sep,SALE30,Bridgetown,30,4392
494,Europe,Sweden,Personal Care,Offline,C,2016-12-08,109653699,2017-01-06,7821,81.73,56.67,639210.33,443216.07,195994.26,2016CUST109653699,Dec,NCA30,Stockholm,30,3218
495,Middle East and North Africa,Algeria,Meat,Offline,M,2011-09-02,183022201,2011-10-15,9191,421.89,364.69,3877590.99,3351865.79,525725.2,2011CUST183022201,Sep,HGEAR30,Algiers,30,5142
496,Europe,Italy,Personal Care,Online,L,2011-03-21,127589738,2011-04-02,5494,81.73,56.67,449024.62,311344.98,137679.64,2011CUST127589738,Mar,ELEC30,Rome,30,5307
497,Europe,Russia,Fruits,Offline,L,2011-01-08,221530139,2011-01-26,4546,9.33,6.92,42414.18,31458.32,10955.86,2011CUST221530139,Jan,NE10,Moscow,10,5379
498,Central America and the Caribbean,Antigua And Barbuda ,Office Supplies,Offline,M,2015-02-22,363329732,2015-02-22,6197,651.21,524.96,4035548.37,3253177.12,782371.25,2015CUST363329732,Feb,NOTES20,Saint John's,20,3873
499,Middle East and North Africa,Jordan,Fruits,Online,C,2017-05-15,521787345,2017-06-25,7325,9.33,6.92,68342.25,50689.0,17653.25,2017CUST521787345,May,WEMP20,Amman,20,3060
